Workbook

Sheet How to Fill
B1: InGage Source Library - Intern Collection Guide
B2: Goal: find every official source document, record exact details, save the official file, and prove it is the official version. This sheet becomes the database Source Library.
A4: books.toscrape.com | B4: Your daily routine
B5: Step 1 | C5: Open the Source Register tab and filter "Assigned To" to your name. Work top to bottom.
B6: Step 2 | C6: For each row: start from "Start Here (hint)" or the Watch Feeds tab, find the document on the OFFICIAL site.
B7: Step 3 | C7: Download the file in your browser. Save it in the shared folder under the category folder (e.g. 04_Accreditation). Name: Authority_Short_Title_Year.pdf, e.g. UGC_PhD_Regulations_2022.pdf
B8: Step 4 | C8: Fill every blue column. Get the SHA-256 in PowerShell: Get-FileHash "D:\path\file.pdf" -Algorithm SHA256
B9: Step 5 | C9: Keep going until "Row Check" says OK. Then the supervisor verifies it (orange columns).
B10: Step 6 | C10: Found more documents (amendments, other institution types, programmes)? Add a NEW row at the bottom for each one. Use the next free Row ID.
B11: Step 7 | C11: End of day: add one line to the Daily Log tab (rows done, hours, blockers).
B13: Rules - read carefully
B14: Official sites only | C14: Download only from the authority's own website (ugc.gov.in, naac.gov.in, nbaind.org, aicte-india.org, dgt.gov.in, nirfindia.org, meity.gov.in, cert-in.org.in, indiacode.nic.in, nist.gov, unesco.org...). Never from Scribd, coaching sites, blogs or Google Drive copies.
B15: Collect by hand | C15: Use a normal browser. Do not run scraping scripts or bulk downloaders - these sites block them (that is why 6 downloads failed in v0.1). Never try to get around a login, CAPTCHA or block.
B16: Login or blocked? | C16: Set Collection Status to "Blocked - portal/login", fill the listing URL, explain in Notes, and tell the supervisor in the Daily Log. Do not create accounts.
B17: Licensed standards | C17: ISO/IEC and other paid standards: record the official page, edition and title only. Set "Licensed - link only". Never download or copy their text.
B18: One row = one version | C18: A new edition or an amendment is a NEW row with the same Source Code and a different Version. Fill "Supersedes / Amends". Never overwrite or delete an older row.
B19: Exact, not guessed | C19: Titles, versions and dates must be copied from the document itself. If unsure, leave Current Status "Not verified" and explain in Notes.
B20: Source Role | C20: Pre-filled as a suggestion. Do not change it without asking - the manager decides which sources are Mandatory vs guidance, so a market report is never mistaken for a legal requirement.
B22: Colour legend
B23: Blue header | C23: Intern fills these columns.
B24: Grey header | C24: Automatic or hint - do not edit (Row ID, Start Here, Row Check).
B25: Orange header | C25: Supervisor only (QA Status, QA By, QA Comment).
B26: Green row | C26: Worked example (DATA-001, DPDP Act). Copy its style.
B27: Row Check | C27: Green OK = complete. Yellow = something missing (it tells you what). Grey = not started.
B28: Red Source Code | C28: Same code and version entered twice - remove the duplicate.
B30: Tabs
B31: Source Register | C31: Main work sheet. Hover a column header to see what to enter.
B32: Progress | C32: Automatic counts per intern and per category.
B33: Watch Feeds | C33: Official register pages to search from. Record "Last Checked" when you visit one.
B34: Benchmark Catalogue | C34: The 60 benchmarks - optional, for "Related Benchmark IDs".
B35: Daily Log | C35: One line per intern per day.
B36: Lists | C36: Dropdown values. Rename "Intern A / Intern B" here and in the register before starting.
B38: Pre-filled rows
B39: 89 starter rows come from the manager's Source Pack v0.2, the v0.1 manifest and the "complete library" brief. 13 are already downloaded (size, pages and SHA-256 computed from the manager's files) - only dates, version and status still need checking from the document.

Sheet Source Register
A1: InGage Source Library - Source Register (one row = one document version)
A2: Blue headers = intern fills. Grey = automatic / hint. Orange = supervisor only. Green row = worked example (S-001 style). Read the "How to Fill" tab first.
A4: Row ID | B4: Assigned To | C4: Category | D4: Authority | E4: Authority Kind | F4: Source Role (suggested) | G4: Source Code | H4: Official Title (exact) | I4: Document Type | J4: Version / Edition | K4: Issued On | L4: Effective From | M4: Current Status | N4: Supersedes / Amends | O4: Applies To | P4: Programme / Trade Scope | Q4: Listing Page URL | R4: Direct Document URL | S4: Official Domain? | T4: Collection Status | U4: Local File (folder/name) | V4: File Size (KB) | W4: Pages | X4: SHA-256 Checksum | Y4: Licensed Content? | Z4: Review Cadence (months) | AA4: Watcher Feed Type | AB4: Related Benchmark IDs | AC4: Collected On | AD4: Notes | AE4: Start Here (hint) | AF4: Row Check | AG4: QA Status | AH4: QA By / Date | AI4: QA Comment
A5: S-001 | B5: Intern A | C5: 1. Accreditation & Quality | D5: NAAC | E5: accreditation | F5: Authoritative quality framework | G5: NAAC-001 | H5: NAAC Criteria and Key Indicators Annexure (with weightages) | I5: Manual | M5: Not verified | O5: All HEIs | Q5: https://naac.gov.in/index.php/en/component/search/?searchword=Criteria%20and%20Key%20Indicators%20Annexure&searchphrase=all | T5: Downloaded | U5: https://drive.google.com/drive/folders/1Hbqu-ekfL3sVsfM-57H3KDnewAmpZAQq?usp=drive_link | Y5: No | Z5: 3 | AA5: web_page | AE5: https://assessmentonline.naac.gov.in/ | AF5: =IF($H5="","",IF($T5="To find","Not started",IF(($C5="")+($D5="")+($E5="")+($G5="")+($I5="")+($M5="")+($O5="")+($S5="")>0,"Missing basic details",IF(AND($T5="Downloaded",($R5="")+($U5="")+($V5="")+(($W5="")*(RIGHT(LOWER($U5),4)=".pdf"))>0),"Add file details",IF(AND($T5="Downloaded",LEN($X5)<>64),"Check SHA-256",IF(AND($Q5="",$R5=""),"Add a URL",IF($S5="No","Not official - replace",IF($M5="Not verified","Verify status","OK")))))))) | AG5: Needs fix | AH5: Auto-QA 12-Oct-2026 | AI5: 1) Drive link is a FOLDER - link the exact file (drive.google.com/file/d/...). | 2) Downloaded but missing: Direct Document URL, File Size (KB), SHA-256 Checksum, Version / Edition, Issued On. | 3) Set Current Status from the document (Current / Superseded ...).
A6: S-002 | B6: Intern A | C6: 1. Accreditation & Quality | D6: NAAC | E6: accreditation | F6: Authoritative quality framework | G6: NAAC-002-UNIV | H6: NAAC SSR Manual and QIF - Universities | I6: SSR / QIF / SAR | M6: Not verified | O6: Universities | Q6: https://iqac.annauniv.edu/AAA%26R/NAAC_Revised_University_Manual_Dec_2022.pdf | T6: Downloaded | U6: https://drive.google.com/drive/folders/1Hbqu-ekfL3sVsfM-57H3KDnewAmpZAQq?usp=drive_link | Y6: No | Z6: 1 | AA6: document_index | AE6: https://assessmentonline.naac.gov.in/ | AF6: =IF($H6="","",IF($T6="To find","Not started",IF(($C6="")+($D6="")+($E6="")+($G6="")+($I6="")+($M6="")+($O6="")+($S6="")>0,"Missing basic details",IF(AND($T6="Downloaded",($R6="")+($U6="")+($V6="")+(($W6="")*(RIGHT(LOWER($U6),4)=".pdf"))>0),"Add file details",IF(AND($T6="Downloaded",LEN($X6)<>64),"Check SHA-256",IF(AND($Q6="",$R6=""),"Add a URL",IF($S6="No","Not official - replace",IF($M6="Not verified","Verify status","OK")))))))) | AG6: Needs fix | AH6: Auto-QA 12-Oct-2026 | AI6: 1) Listing Page URL is on iqac.annauniv.edu, not the official site - replace with the authority's own link (copies on college or third-party sites are not accepted). | 2) Drive link is a FOLDER - link the exact file (drive.google.com/file/d/...). | 3) Downloaded but missing: Direct Document URL, File Size (KB), SHA-256 Checksum, Version / Edition, Issued On. | 4) Set Current Status from the document (Current / Superseded ...).
A7: S-003 | B7: Intern A | C7: 1. Accreditation & Quality | D7: NAAC | E7: accreditation | F7: Authoritative quality framework | G7: NAAC-002-AUTO | H7: NAAC SSR Manual and QIF - Autonomous Colleges | I7: SSR / QIF / SAR | M7: Not verified | O7: Autonomous colleges | Q7: https://mits.ac.in/assets/pdf/iqac/NAAC%20Autonomous_College%20Manual_29-03-2023_Updated_9-8-2023.pdf | T7: Downloaded | U7: https://drive.google.com/drive/folders/1Hbqu-ekfL3sVsfM-57H3KDnewAmpZAQq?usp=drive_link | Y7: No | Z7: 1 | AA7: document_index | AE7: https://assessmentonline.naac.gov.in/ | AF7: =IF($H7="","",IF($T7="To find","Not started",IF(($C7="")+($D7="")+($E7="")+($G7="")+($I7="")+($M7="")+($O7="")+($S7="")>0,"Missing basic details",IF(AND($T7="Downloaded",($R7="")+($U7="")+($V7="")+(($W7="")*(RIGHT(LOWER($U7),4)=".pdf"))>0),"Add file details",IF(AND($T7="Downloaded",LEN($X7)<>64),"Check SHA-256",IF(AND($Q7="",$R7=""),"Add a URL",IF($S7="No","Not official - replace",IF($M7="Not verified","Verify status","OK")))))))) | AG7: Needs fix | AH7: Auto-QA 12-Oct-2026 | AI7: 1) Listing Page URL is on mits.ac.in, not the official site - replace with the authority's own link (copies on college or third-party sites are not accepted). | 2) Drive link is a FOLDER - link the exact file (drive.google.com/file/d/...). | 3) Downloaded but missing: Direct Document URL, File Size (KB), SHA-256 Checksum, Version / Edition, Issued On. | 4) Set Current Status from the document (Current / Superseded ...).
A8: S-004 | B8: Intern A | C8: 1. Accreditation & Quality | D8: NAAC | E8: accreditation | F8: Authoritative quality framework | G8: NAAC-002-AFF | H8: NAAC SSR Manual and QIF - Affiliated / Constituent Colleges | I8: SSR / QIF / SAR | M8: Not verified | O8: Affiliated and constituent colleges | Q8: https://www.ramajeemahavidyalaya.edu.in/uplfile/revised_ssr.pdf | T8: Downloaded | U8: https://drive.google.com/drive/folders/1Hbqu-ekfL3sVsfM-57H3KDnewAmpZAQq?usp=drive_link | Y8: No | Z8: 1 | AA8: document_index | AE8: https://assessmentonline.naac.gov.in/ | AF8: =IF($H8="","",IF($T8="To find","Not started",IF(($C8="")+($D8="")+($E8="")+($G8="")+($I8="")+($M8="")+($O8="")+($S8="")>0,"Missing basic details",IF(AND($T8="Downloaded",($R8="")+($U8="")+($V8="")+(($W8="")*(RIGHT(LOWER($U8),4)=".pdf"))>0),"Add file details",IF(AND($T8="Downloaded",LEN($X8)<>64),"Check SHA-256",IF(AND($Q8="",$R8=""),"Add a URL",IF($S8="No","Not official - replace",IF($M8="Not verified","Verify status","OK")))))))) | AG8: Needs fix | AH8: Auto-QA 12-Oct-2026 | AI8: 1) Listing Page URL is on ramajeemahavidyalaya.edu.in, not the official site - replace with the authority's own link (copies on college or third-party sites are not accepted). | 2) Drive link is a FOLDER - link the exact file (drive.google.com/file/d/...). | 3) Downloaded but missing: Direct Document URL, File Size (KB), SHA-256 Checksum, Version / Edition, Issued On. | 4) Set Current Status from the document (Current / Superseded ...).
A9: S-005 | B9: Intern A | C9: 1. Accreditation & Quality | D9: NAAC | E9: accreditation | F9: Authoritative quality framework | G9: NAAC-003 | H9: NAAC data templates and metric-wise evidence instructions | I9: Data template | M9: Not verified | Q9: https://tiastc.tecnia.in/naac-manuals/ | T9: Downloaded | U9: https://drive.google.com/drive/folders/1Hbqu-ekfL3sVsfM-57H3KDnewAmpZAQq?usp=drive_link | Y9: No | Z9: 1 | AA9: document_index | AE9: https://assessmentonline.naac.gov.in/ | AF9: =IF($H9="","",IF($T9="To find","Not started",IF(($C9="")+($D9="")+($E9="")+($G9="")+($I9="")+($M9="")+($O9="")+($S9="")>0,"Missing basic details",IF(AND($T9="Downloaded",($R9="")+($U9="")+($V9="")+(($W9="")*(RIGHT(LOWER($U9),4)=".pdf"))>0),"Add file details",IF(AND($T9="Downloaded",LEN($X9)<>64),"Check SHA-256",IF(AND($Q9="",$R9=""),"Add a URL",IF($S9="No","Not official - replace",IF($M9="Not verified","Verify status","OK")))))))) | AG9: Needs fix | AH9: Auto-QA 12-Oct-2026 | AI9: 1) Listing Page URL is on tiastc.tecnia.in, not the official site - replace with the authority's own link (copies on college or third-party sites are not accepted). | 2) Drive link is a FOLDER - link the exact file (drive.google.com/file/d/...). | 3) Downloaded but missing: Direct Document URL, File Size (KB), SHA-256 Checksum, Version / Edition, Issued On. | 4) Set Current Status from the document (Current / Superseded ...). | 5) Fill "Applies To".
A10: S-006 | B10: Intern A | C10: 1. Accreditation & Quality | D10: NAAC | E10: accreditation | F10: Authoritative quality framework | G10: NAAC-004 | H10: NAAC SOPs and assessment manuals (data validation, peer team visit) | I10: SOP | M10: Not verified | Q10: https://iqac.annauniv.edu/AAA%26R/NAAC_Revised_University_SOP_Dec_2022.pdf | T10: Downloaded | U10: https://drive.google.com/drive/folders/1Hbqu-ekfL3sVsfM-57H3KDnewAmpZAQq?usp=drive_link | Y10: No | Z10: 3 | AA10: document_index | AE10: https://assessmentonline.naac.gov.in/ | AF10: =IF($H10="","",IF($T10="To find","Not started",IF(($C10="")+($D10="")+($E10="")+($G10="")+($I10="")+($M10="")+($O10="")+($S10="")>0,"Missing basic details",IF(AND($T10="Downloaded",($R10="")+($U10="")+($V10="")+(($W10="")*(RIGHT(LOWER($U10),4)=".pdf"))>0),"Add file details",IF(AND($T10="Downloaded",LEN($X10)<>64),"Check SHA-256",IF(AND($Q10="",$R10=""),"Add a URL",IF($S10="No","Not official - replace",IF($M10="Not verified","Verify status","OK")))))))) | AG10: Needs fix | AH10: Auto-QA 12-Oct-2026 | AI10: 1) Listing Page URL is on iqac.annauniv.edu, not the official site - replace with the authority's own link (copies on college or third-party sites are not accepted). | 2) Drive link is a FOLDER - link the exact file (drive.google.com/file/d/...). | 3) Downloaded but missing: Direct Document URL, File Size (KB), SHA-256 Checksum, Version / Edition, Issued On. | 4) Set Current Status from the document (Current / Superseded ...). | 5) Fill "Applies To".
A11: S-007 | B11: Intern A | C11: 1. Accreditation & Quality | D11: NBA | E11: accreditation | F11: Authoritative quality framework | G11: NBA-001 | H11: NBA Accreditation Documents portal (register snapshot) | I11: Register page | M11: Not verified | O11: NBA-applicable programmes | Q11: https://www.nbaind.org/Downloads/Documents | R11: https://www.nbaind.org/Downloads/Documents | S11: Yes | T11: Downloaded | U11: https://drive.google.com/drive/folders/1a1fiRcDfuN8O2-xMdYuGnhc-ITAlNAJj?usp=drive_link | V11: 228 | X11: 16e44ce55fb25881aec7bc5dd5183b052a91baab9bfe89a691277f0720334f7a | Y11: No | Z11: 3 | AA11: document_index | AD11: Snapshot from manager v0.1 pack. Use this page to find NBA-004 to NBA-009. | AF11: =IF($H11="","",IF($T11="To find","Not started",IF(($C11="")+($D11="")+($E11="")+($G11="")+($I11="")+($M11="")+($O11="")+($S11="")>0,"Missing basic details",IF(AND($T11="Downloaded",($R11="")+($U11="")+($V11="")+(($W11="")*(RIGHT(LOWER($U11),4)=".pdf"))>0),"Add file details",IF(AND($T11="Downloaded",LEN($X11)<>64),"Check SHA-256",IF(AND($Q11="",$R11=""),"Add a URL",IF($S11="No","Not official - replace",IF($M11="Not verified","Verify status","OK")))))))) | AG11: Needs fix | AH11: Auto-QA 12-Oct-2026 | AI11: 1) Drive link is a FOLDER - link the exact file (drive.google.com/file/d/...). | 2) Downloaded but missing: Version / Edition, Issued On. | 3) Set Current Status from the document (Current / Superseded ...).
A12: S-008 | B12: Intern A | C12: 1. Accreditation & Quality | D12: NBA | E12: accreditation | F12: Authoritative quality framework | G12: NBA-002 | H12: NBA General Manual for Accreditation | I12: Manual | M12: Not verified | O12: NBA-applicable programmes | Q12: https://www.nbaind.org/Downloads/Documents | R12: https://www.nbaind.org/files/General_Manual_V1.0_Format_20240423170211.pdf | S12: Yes | T12: Downloaded | U12: https://drive.google.com/file/d/1nAVg_Y7d-ohG76D-MZme6rA1rgDleGzg/view?usp=drive_link | V12: 316 | W12: 52 | X12: 84204319da2c073e0c166cda880bbcb620d0fe0d2bd79a8b8c42319dce9016d6 | Y12: No | Z12: 3 | AA12: document_index | AD12: From manager v0.1 pack (manifest NBA-GENERAL-2024). Verify version and dates from the PDF. | AF12: =IF($H12="","",IF($T12="To find","Not started",IF(($C12="")+($D12="")+($E12="")+($G12="")+($I12="")+($M12="")+($O12="")+($S12="")>0,"Missing basic details",IF(AND($T12="Downloaded",($R12="")+($U12="")+($V12="")+(($W12="")*(RIGHT(LOWER($U12),4)=".pdf"))>0),"Add file details",IF(AND($T12="Downloaded",LEN($X12)<>64),"Check SHA-256",IF(AND($Q12="",$R12=""),"Add a URL",IF($S12="No","Not official - replace",IF($M12="Not verified","Verify status","OK")))))))) | AG12: Needs fix | AH12: Auto-QA 12-Oct-2026 | AI12: 1) Downloaded but missing: Version / Edition, Issued On. | 2) Set Current Status from the document (Current / Superseded ...).
A13: S-009 | B13: Intern A | C13: 1. Accreditation & Quality | D13: NBA | E13: accreditation | F13: Authoritative quality framework | G13: NBA-003 | H13: NBA UG Engineering Tier II Manual | I13: Manual | M13: Not verified | O13: Affiliated engineering programmes | Q13: https://www.nbaind.org/Downloads/Documents | R13: https://www.nbaind.org/files/Publication/PublicationTitles/NBA_UGEngg_Tier_II_Manual_Format_20250121123952.pdf | S13: Yes | T13: Downloaded | U13: https://drive.google.com/file/d/1nAVg_Y7d-ohG76D-MZme6rA1rgDleGzg/view?usp=drive_link | V13: 4659 | W13: 230 | X13: 792a4a2c75ad936cd9d1d9e8f2023907de280576a09f8add47ab67e46d49a7f4 | Y13: No | Z13: 3 | AA13: document_index | AD13: From manager v0.1 pack (manifest NBA-UG-TIER-II-2025). Verify version and dates from the PDF. | AF13: =IF($H13="","",IF($T13="To find","Not started",IF(($C13="")+($D13="")+($E13="")+($G13="")+($I13="")+($M13="")+($O13="")+($S13="")>0,"Missing basic details",IF(AND($T13="Downloaded",($R13="")+($U13="")+($V13="")+(($W13="")*(RIGHT(LOWER($U13),4)=".pdf"))>0),"Add file details",IF(AND($T13="Downloaded",LEN($X13)<>64),"Check SHA-256",IF(AND($Q13="",$R13=""),"Add a URL",IF($S13="No","Not official - replace",IF($M13="Not verified","Verify status","OK")))))))) | AG13: Needs fix | AH13: Auto-QA 12-Oct-2026 | AI13: 1) Downloaded but missing: Version / Edition, Issued On. | 2) Set Current Status from the document (Current / Superseded ...).
A14: S-010 | B14: Intern A | C14: 1. Accreditation & Quality | D14: NBA | E14: accreditation | F14: Authoritative quality framework | G14: NBA-004 | H14: NBA UG Engineering Tier I SAR / Manual | I14: SSR / QIF / SAR | M14: Not verified | T14: Downloaded | U14: https://drive.google.com/drive/folders/1pPXX8mvcFTuRihRpCImDKyImx-A1k4Ey?usp=drive_link | Y14: No | Z14: 3 | AA14: document_index | AE14: https://www.nbaind.org/Downloads/Documents | AF14: =IF($H14="","",IF($T14="To find","Not started",IF(($C14="")+($D14="")+($E14="")+($G14="")+($I14="")+($M14="")+($O14="")+($S14="")>0,"Missing basic details",IF(AND($T14="Downloaded",($R14="")+($U14="")+($V14="")+(($W14="")*(RIGHT(LOWER($U14),4)=".pdf"))>0),"Add file details",IF(AND($T14="Downloaded",LEN($X14)<>64),"Check SHA-256",IF(AND($Q14="",$R14=""),"Add a URL",IF($S14="No","Not official - replace",IF($M14="Not verified","Verify status","OK")))))))) | AG14: Needs fix | AH14: Auto-QA 12-Oct-2026 | AI14: 1) Drive link is a FOLDER - link the exact file (drive.google.com/file/d/...). | 2) Downloaded but missing: Direct Document URL, File Size (KB), SHA-256 Checksum, Version / Edition, Issued On. | 3) Set Current Status from the document (Current / Superseded ...). | 4) Fill "Applies To".
A15: S-011 | B15: Intern A | C15: 1. Accreditation & Quality | D15: NBA | E15: accreditation | F15: Authoritative quality framework | G15: NBA-005 | H15: NBA Diploma Engineering SAR / Manual | I15: SSR / QIF / SAR | M15: Not verified | O15: Polytechnics | T15: Downloaded | U15: https://drive.google.com/drive/folders/1pPXX8mvcFTuRihRpCImDKyImx-A1k4Ey?usp=drive_link | Y15: No | Z15: 3 | AA15: document_index | AE15: https://www.nbaind.org/Downloads/Documents | AF15: =IF($H15="","",IF($T15="To find","Not started",IF(($C15="")+($D15="")+($E15="")+($G15="")+($I15="")+($M15="")+($O15="")+($S15="")>0,"Missing basic details",IF(AND($T15="Downloaded",($R15="")+($U15="")+($V15="")+(($W15="")*(RIGHT(LOWER($U15),4)=".pdf"))>0),"Add file details",IF(AND($T15="Downloaded",LEN($X15)<>64),"Check SHA-256",IF(AND($Q15="",$R15=""),"Add a URL",IF($S15="No","Not official - replace",IF($M15="Not verified","Verify status","OK")))))))) | AG15: Needs fix | AH15: Auto-QA 12-Oct-2026 | AI15: 1) Drive link is a FOLDER - link the exact file (drive.google.com/file/d/...). | 2) Downloaded but missing: Direct Document URL, File Size (KB), SHA-256 Checksum, Version / Edition, Issued On. | 3) Set Current Status from the document (Current / Superseded ...).
A16: S-012 | B16: Intern A | C16: 1. Accreditation & Quality | D16: NBA | E16: accreditation | F16: Authoritative quality framework | G16: NBA-006 | H16: NBA PG Engineering SAR / Manual | I16: SSR / QIF / SAR | M16: Not verified | T16: Downloaded | U16: https://drive.google.com/drive/folders/1pPXX8mvcFTuRihRpCImDKyImx-A1k4Ey?usp=drive_link | Y16: No | Z16: 3 | AA16: document_index | AE16: https://www.nbaind.org/Downloads/Documents | AF16: =IF($H16="","",IF($T16="To find","Not started",IF(($C16="")+($D16="")+($E16="")+($G16="")+($I16="")+($M16="")+($O16="")+($S16="")>0,"Missing basic details",IF(AND($T16="Downloaded",($R16="")+($U16="")+($V16="")+(($W16="")*(RIGHT(LOWER($U16),4)=".pdf"))>0),"Add file details",IF(AND($T16="Downloaded",LEN($X16)<>64),"Check SHA-256",IF(AND($Q16="",$R16=""),"Add a URL",IF($S16="No","Not official - replace",IF($M16="Not verified","Verify status","OK")))))))) | AG16: Needs fix | AH16: Auto-QA 12-Oct-2026 | AI16: 1) Drive link is a FOLDER - link the exact file (drive.google.com/file/d/...). | 2) Downloaded but missing: Direct Document URL, File Size (KB), SHA-256 Checksum, Version / Edition, Issued On. | 3) Set Current Status from the document (Current / Superseded ...). | 4) Fill "Applies To".
A17: S-013 | B17: Intern A | C17: 1. Accreditation & Quality | D17: NBA | E17: accreditation | F17: Authoritative quality framework | G17: NBA-007 | H17: NBA Management (MBA / PGDM) SAR / Manual | I17: SSR / QIF / SAR | M17: Not verified | T17: Downloaded | U17: https://drive.google.com/drive/folders/1pPXX8mvcFTuRihRpCImDKyImx-A1k4Ey?usp=drive_link | Y17: No | Z17: 3 | AA17: document_index | AE17: https://www.nbaind.org/Downloads/Documents | AF17: =IF($H17="","",IF($T17="To find","Not started",IF(($C17="")+($D17="")+($E17="")+($G17="")+($I17="")+($M17="")+($O17="")+($S17="")>0,"Missing basic details",IF(AND($T17="Downloaded",($R17="")+($U17="")+($V17="")+(($W17="")*(RIGHT(LOWER($U17),4)=".pdf"))>0),"Add file details",IF(AND($T17="Downloaded",LEN($X17)<>64),"Check SHA-256",IF(AND($Q17="",$R17=""),"Add a URL",IF($S17="No","Not official - replace",IF($M17="Not verified","Verify status","OK")))))))) | AG17: Needs fix | AH17: Auto-QA 12-Oct-2026 | AI17: 1) Drive link is a FOLDER - link the exact file (drive.google.com/file/d/...). | 2) Downloaded but missing: Direct Document URL, File Size (KB), SHA-256 Checksum, Version / Edition, Issued On. | 3) Set Current Status from the document (Current / Superseded ...). | 4) Fill "Applies To".
A18: S-014 | B18: Intern A | C18: 1. Accreditation & Quality | D18: NBA | E18: accreditation | F18: Authoritative quality framework | G18: NBA-008 | H18: NBA Pre-Qualifiers (one row per programme type) | I18: Manual | M18: Not verified | T18: Downloaded | U18: https://drive.google.com/drive/folders/1pPXX8mvcFTuRihRpCImDKyImx-A1k4Ey?usp=drive_link | Y18: No | Z18: 3 | AA18: document_index | AD18: Add one row per programme type you find. | AE18: https://www.nbaind.org/Downloads/Documents | AF18: =IF($H18="","",IF($T18="To find","Not started",IF(($C18="")+($D18="")+($E18="")+($G18="")+($I18="")+($M18="")+($O18="")+($S18="")>0,"Missing basic details",IF(AND($T18="Downloaded",($R18="")+($U18="")+($V18="")+(($W18="")*(RIGHT(LOWER($U18),4)=".pdf"))>0),"Add file details",IF(AND($T18="Downloaded",LEN($X18)<>64),"Check SHA-256",IF(AND($Q18="",$R18=""),"Add a URL",IF($S18="No","Not official - replace",IF($M18="Not verified","Verify status","OK")))))))) | AG18: Needs fix | AH18: Auto-QA 12-Oct-2026 | AI18: 1) Title is still the template placeholder - replace with the exact official title, one row per document (add rows for the others). | 2) Drive link is a FOLDER - link the exact file (drive.google.com/file/d/...). | 3) Downloaded but missing: Direct Document URL, File Size (KB), SHA-256 Checksum, Version / Edition, Issued On. | 4) Set Current Status from the document (Current / Superseded ...). | 5) Fill "Applies To".
A19: S-015 | B19: Intern A | C19: 1. Accreditation & Quality | D19: NBA | E19: accreditation | F19: Authoritative quality framework | G19: NBA-009 | H19: NBA Evaluation Guidelines and visit-document list | I19: Guideline | M19: Not verified | T19: Downloaded | U19: https://drive.google.com/drive/folders/1pPXX8mvcFTuRihRpCImDKyImx-A1k4Ey?usp=drive_link | Y19: No | Z19: 3 | AA19: document_index | AE19: https://www.nbaind.org/Downloads/Documents | AF19: =IF($H19="","",IF($T19="To find","Not started",IF(($C19="")+($D19="")+($E19="")+($G19="")+($I19="")+($M19="")+($O19="")+($S19="")>0,"Missing basic details",IF(AND($T19="Downloaded",($R19="")+($U19="")+($V19="")+(($W19="")*(RIGHT(LOWER($U19),4)=".pdf"))>0),"Add file details",IF(AND($T19="Downloaded",LEN($X19)<>64),"Check SHA-256",IF(AND($Q19="",$R19=""),"Add a URL",IF($S19="No","Not official - replace",IF($M19="Not verified","Verify status","OK")))))))) | AG19: Needs fix | AH19: Auto-QA 12-Oct-2026 | AI19: 1) Drive link is a FOLDER - link the exact file (drive.google.com/file/d/...). | 2) Downloaded but missing: Direct Document URL, File Size (KB), SHA-256 Checksum, Version / Edition, Issued On. | 3) Set Current Status from the document (Current / Superseded ...). | 4) Fill "Applies To".
A20: S-016 | B20: Intern A | C20: 1. Accreditation & Quality | D20: NIRF | E20: ranking | F20: Authoritative quality framework | G20: NIRF-001 | H20: NIRF Documents portal (register snapshot) | I20: Register page | M20: Not verified | O20: Eligible HEIs | Q20: https://www.nirfindia.org/Home/Documents | R20: https://www.nirfindia.org/Home/Documents | S20: Yes | T20: Downloaded | U20: https://drive.google.com/drive/folders/1YeYVR0csD4GIeFYpq0YxGOtX83Hnj4ya?usp=drive_link | V20: 24 | X20: 221c7924fb4a2787ebc06b83d9306c53bf5de3a6720da93825b02b2578d17293 | Y20: No | Z20: 12 | AA20: document_index | AD20: Snapshot from manager v0.1 pack. Use this page to find NIRF-002 and NIRF-003. | AF20: =IF($H20="","",IF($T20="To find","Not started",IF(($C20="")+($D20="")+($E20="")+($G20="")+($I20="")+($M20="")+($O20="")+($S20="")>0,"Missing basic details",IF(AND($T20="Downloaded",($R20="")+($U20="")+($V20="")+(($W20="")*(RIGHT(LOWER($U20),4)=".pdf"))>0),"Add file details",IF(AND($T20="Downloaded",LEN($X20)<>64),"Check SHA-256",IF(AND($Q20="",$R20=""),"Add a URL",IF($S20="No","Not official - replace",IF($M20="Not verified","Verify status","OK")))))))) | AG20: Needs fix | AH20: Auto-QA 12-Oct-2026 | AI20: 1) Drive link is a FOLDER - link the exact file (drive.google.com/file/d/...). | 2) Downloaded but missing: Version / Edition, Issued On. | 3) Set Current Status from the document (Current / Superseded ...).
A21: S-017 | B21: Intern A | C21: 1. Accreditation & Quality | D21: NIRF | E21: ranking | F21: Authoritative quality framework | G21: NIRF-002 | H21: NIRF ranking methodology - overall and category-wise | I21: Methodology | M21: Not verified | O21: Eligible HEIs | T21: Downloaded | U21: https://drive.google.com/drive/folders/1YeYVR0csD4GIeFYpq0YxGOtX83Hnj4ya?usp=drive_link | Y21: No | Z21: 12 | AA21: document_index | AD21: Add one row per category methodology. | AE21: https://www.nirfindia.org/Home/Documents | AF21: =IF($H21="","",IF($T21="To find","Not started",IF(($C21="")+($D21="")+($E21="")+($G21="")+($I21="")+($M21="")+($O21="")+($S21="")>0,"Missing basic details",IF(AND($T21="Downloaded",($R21="")+($U21="")+($V21="")+(($W21="")*(RIGHT(LOWER($U21),4)=".pdf"))>0),"Add file details",IF(AND($T21="Downloaded",LEN($X21)<>64),"Check SHA-256",IF(AND($Q21="",$R21=""),"Add a URL",IF($S21="No","Not official - replace",IF($M21="Not verified","Verify status","OK")))))))) | AG21: Needs fix | AH21: Auto-QA 12-Oct-2026 | AI21: 1) Drive link is a FOLDER - link the exact file (drive.google.com/file/d/...). | 2) Downloaded but missing: Direct Document URL, File Size (KB), SHA-256 Checksum, Version / Edition, Issued On. | 3) Set Current Status from the document (Current / Superseded ...).
A22: S-018 | B22: Intern A | C22: 1. Accreditation & Quality | D22: NIRF | E22: ranking | F22: Authoritative quality framework | G22: NIRF-003 | H22: NIRF Data Capturing System (DCS) manual and parameter definitions | I22: Manual | M22: Not verified | O22: Eligible HEIs | T22: Downloaded | U22: https://drive.google.com/drive/folders/1YeYVR0csD4GIeFYpq0YxGOtX83Hnj4ya?usp=drive_link | Y22: No | Z22: 12 | AA22: document_index | AE22: https://www.nirfindia.org/Home/Documents | AF22: =IF($H22="","",IF($T22="To find","Not started",IF(($C22="")+($D22="")+($E22="")+($G22="")+($I22="")+($M22="")+($O22="")+($S22="")>0,"Missing basic details",IF(AND($T22="Downloaded",($R22="")+($U22="")+($V22="")+(($W22="")*(RIGHT(LOWER($U22),4)=".pdf"))>0),"Add file details",IF(AND($T22="Downloaded",LEN($X22)<>64),"Check SHA-256",IF(AND($Q22="",$R22=""),"Add a URL",IF($S22="No","Not official - replace",IF($M22="Not verified","Verify status","OK")))))))) | AG22: Needs fix | AH22: Auto-QA 12-Oct-2026 | AI22: 1) Drive link is a FOLDER - link the exact file (drive.google.com/file/d/...). | 2) Downloaded but missing: Direct Document URL, File Size (KB), SHA-256 Checksum, Version / Edition, Issued On. | 3) Set Current Status from the document (Current / Superseded ...).
A23: S-019 | B23: Intern A | C23: 2. Higher-Education Regulation | D23: UGC | E23: regulatory | F23: Mandatory | G23: UGC-001 | H23: UGC Regulations register (register snapshot) | I23: Register page | M23: Not verified | O23: HEIs | Q23: https://www.ugc.gov.in/Regulations | R23: https://www.ugc.gov.in/Regulations | S23: Yes | T23: Downloaded | U23: https://drive.google.com/drive/folders/1ZHdieeVU_fvMWe8NT_z3RLyr0nvQ5419?usp=drive_link | V23: 137 | X23: e87101365423d386be1724200cc838210e19dd8adad0c6566f779e2433160895 | Y23: No | Z23: 1 | AA23: document_index | AD23: Snapshot from manager v0.1 pack. Main starting point for UGC-003 to UGC-022. | AF23: =IF($H23="","",IF($T23="To find","Not started",IF(($C23="")+($D23="")+($E23="")+($G23="")+($I23="")+($M23="")+($O23="")+($S23="")>0,"Missing basic details",IF(AND($T23="Downloaded",($R23="")+($U23="")+($V23="")+(($W23="")*(RIGHT(LOWER($U23),4)=".pdf"))>0),"Add file details",IF(AND($T23="Downloaded",LEN($X23)<>64),"Check SHA-256",IF(AND($Q23="",$R23=""),"Add a URL",IF($S23="No","Not official - replace",IF($M23="Not verified","Verify status","OK")))))))) | AG23: Needs fix | AH23: Auto-QA 12-Oct-2026 | AI23: 1) Drive link is a FOLDER - link the exact file (drive.google.com/file/d/...). | 2) Downloaded but missing: Version / Edition, Issued On. | 3) Set Current Status from the document (Current / Superseded ...).
A24: S-020 | B24: Intern A | C24: 2. Higher-Education Regulation | D24: UGC | E24: regulatory | F24: Good-practice standard | G24: UGC-002 | H24: UGC Guidelines register (register snapshot) | I24: Register page | M24: Not verified | O24: HEIs | Q24: https://www.ugc.gov.in/Guideline | R24: https://www.ugc.gov.in/Guideline | S24: Yes | T24: Downloaded | U24: https://drive.google.com/drive/folders/1ZHdieeVU_fvMWe8NT_z3RLyr0nvQ5419?usp=drive_link | V24: 98 | X24: 1039c92b2a08b7333d78db48dc003ddfbe64df2a05d1c99c75f7407d6e97c808 | Y24: No | Z24: 1 | AA24: document_index | AD24: Snapshot from manager v0.1 pack. | AF24: =IF($H24="","",IF($T24="To find","Not started",IF(($C24="")+($D24="")+($E24="")+($G24="")+($I24="")+($M24="")+($O24="")+($S24="")>0,"Missing basic details",IF(AND($T24="Downloaded",($R24="")+($U24="")+($V24="")+(($W24="")*(RIGHT(LOWER($U24),4)=".pdf"))>0),"Add file details",IF(AND($T24="Downloaded",LEN($X24)<>64),"Check SHA-256",IF(AND($Q24="",$R24=""),"Add a URL",IF($S24="No","Not official - replace",IF($M24="Not verified","Verify status","OK")))))))) | AG24: Needs fix | AH24: Auto-QA 12-Oct-2026 | AI24: 1) Drive link is a FOLDER - link the exact file (drive.google.com/file/d/...). | 2) Downloaded but missing: Version / Edition, Issued On. | 3) Set Current Status from the document (Current / Superseded ...).
A25: S-021 | B25: Intern A | C25: 2. Higher-Education Regulation | D25: UGC | E25: regulatory | F25: Mandatory | G25: UGC-003 | H25: UGC Minimum Standards of Instruction for the Grant of UG and PG Degrees Regulations, 2025 | I25: Regulation | M25: Not verified | O25: Universities and colleges | T25: Downloaded | U25: https://drive.google.com/drive/folders/1ZHdieeVU_fvMWe8NT_z3RLyr0nvQ5419?usp=drive_link | Y25: No | Z25: 3 | AA25: document_index | AE25: https://www.ugc.gov.in/Regulations | AF25: =IF($H25="","",IF($T25="To find","Not started",IF(($C25="")+($D25="")+($E25="")+($G25="")+($I25="")+($M25="")+($O25="")+($S25="")>0,"Missing basic details",IF(AND($T25="Downloaded",($R25="")+($U25="")+($V25="")+(($W25="")*(RIGHT(LOWER($U25),4)=".pdf"))>0),"Add file details",IF(AND($T25="Downloaded",LEN($X25)<>64),"Check SHA-256",IF(AND($Q25="",$R25=""),"Add a URL",IF($S25="No","Not official - replace",IF($M25="Not verified","Verify status","OK")))))))) | AG25: Needs fix | AH25: Auto-QA 12-Oct-2026 | AI25: 1) Drive link is a FOLDER - link the exact file (drive.google.com/file/d/...). | 2) Downloaded but missing: Direct Document URL, File Size (KB), SHA-256 Checksum, Version / Edition, Issued On. | 3) Set Current Status from the document (Current / Superseded ...).
A26: S-022 | B26: Intern A | C26: 2. Higher-Education Regulation | D26: UGC | E26: regulatory | F26: Mandatory | G26: UGC-004 | H26: UGC Minimum Qualifications (teachers and academic staff) Regulations and amendments | I26: Regulation | M26: Not verified | O26: Universities and colleges | T26: Downloaded | U26: https://drive.google.com/drive/folders/1ZHdieeVU_fvMWe8NT_z3RLyr0nvQ5419?usp=drive_link | Y26: No | Z26: 3 | AA26: document_index | AD26: Add a separate row for each amendment. | AE26: https://www.ugc.gov.in/Regulations | AF26: =IF($H26="","",IF($T26="To find","Not started",IF(($C26="")+($D26="")+($E26="")+($G26="")+($I26="")+($M26="")+($O26="")+($S26="")>0,"Missing basic details",IF(AND($T26="Downloaded",($R26="")+($U26="")+($V26="")+(($W26="")*(RIGHT(LOWER($U26),4)=".pdf"))>0),"Add file details",IF(AND($T26="Downloaded",LEN($X26)<>64),"Check SHA-256",IF(AND($Q26="",$R26=""),"Add a URL",IF($S26="No","Not official - replace",IF($M26="Not verified","Verify status","OK")))))))) | AG26: Needs fix | AH26: Auto-QA 12-Oct-2026 | AI26: 1) Drive link is a FOLDER - link the exact file (drive.google.com/file/d/...). | 2) Downloaded but missing: Direct Document URL, File Size (KB), SHA-256 Checksum, Version / Edition, Issued On. | 3) Set Current Status from the document (Current / Superseded ...).
A27: S-023 | B27: Intern A | C27: 2. Higher-Education Regulation | D27: UGC | E27: regulatory | F27: Mandatory | G27: UGC-005 | H27: UGC Promotion of Academic Integrity and Prevention of Plagiarism Regulations, 2018 | I27: Regulation | M27: Not verified | O27: HEIs | T27: Downloaded | U27: https://drive.google.com/drive/folders/1ZHdieeVU_fvMWe8NT_z3RLyr0nvQ5419?usp=drive_link | Y27: No | Z27: 3 | AA27: document_index | AE27: https://www.ugc.gov.in/Regulations | AF27: =IF($H27="","",IF($T27="To find","Not started",IF(($C27="")+($D27="")+($E27="")+($G27="")+($I27="")+($M27="")+($O27="")+($S27="")>0,"Missing basic details",IF(AND($T27="Downloaded",($R27="")+($U27="")+($V27="")+(($W27="")*(RIGHT(LOWER($U27),4)=".pdf"))>0),"Add file details",IF(AND($T27="Downloaded",LEN($X27)<>64),"Check SHA-256",IF(AND($Q27="",$R27=""),"Add a URL",IF($S27="No","Not official - replace",IF($M27="Not verified","Verify status","OK")))))))) | AG27: Needs fix | AH27: Auto-QA 12-Oct-2026 | AI27: 1) Drive link is a FOLDER - link the exact file (drive.google.com/file/d/...). | 2) Downloaded but missing: Direct Document URL, File Size (KB), SHA-256 Checksum, Version / Edition, Issued On. | 3) Set Current Status from the document (Current / Superseded ...).
A28: S-024 | B28: Intern A | C28: 2. Higher-Education Regulation | D28: UGC | E28: regulatory | F28: Good-practice standard | G28: UGC-006 | H28: UGC guidelines for Institutional Development Plans (IDP) | I28: Guideline | M28: Not verified | O28: HEIs | T28: Downloaded | U28: https://drive.google.com/drive/folders/1ZHdieeVU_fvMWe8NT_z3RLyr0nvQ5419?usp=drive_link | Y28: No | Z28: 12 | AA28: document_index | AE28: https://www.ugc.gov.in/Guideline | AF28: =IF($H28="","",IF($T28="To find","Not started",IF(($C28="")+($D28="")+($E28="")+($G28="")+($I28="")+($M28="")+($O28="")+($S28="")>0,"Missing basic details",IF(AND($T28="Downloaded",($R28="")+($U28="")+($V28="")+(($W28="")*(RIGHT(LOWER($U28),4)=".pdf"))>0),"Add file details",IF(AND($T28="Downloaded",LEN($X28)<>64),"Check SHA-256",IF(AND($Q28="",$R28=""),"Add a URL",IF($S28="No","Not official - replace",IF($M28="Not verified","Verify status","OK")))))))) | AG28: Needs fix | AH28: Auto-QA 12-Oct-2026 | AI28: 1) Drive link is a FOLDER - link the exact file (drive.google.com/file/d/...). | 2) Downloaded but missing: Direct Document URL, File Size (KB), SHA-256 Checksum, Version / Edition, Issued On. | 3) Set Current Status from the document (Current / Superseded ...).
A29: S-025 | B29: Intern A | C29: 7. Research, Innovation & Impact | D29: UGC | E29: regulatory | F29: Good-practice standard | G29: UGC-007 | H29: UGC guidelines for Research and Development Cells in HEIs | I29: Guideline | M29: Not verified | O29: HEIs | T29: Downloaded | U29: https://drive.google.com/file/d/1-W89tsVwlg87IXnmo9kLluhV4j9HgV1o/view?usp=drive_link | Y29: No | Z29: 12 | AA29: document_index | AE29: https://www.ugc.gov.in/Guideline | AF29: =IF($H29="","",IF($T29="To find","Not started",IF(($C29="")+($D29="")+($E29="")+($G29="")+($I29="")+($M29="")+($O29="")+($S29="")>0,"Missing basic details",IF(AND($T29="Downloaded",($R29="")+($U29="")+($V29="")+(($W29="")*(RIGHT(LOWER($U29),4)=".pdf"))>0),"Add file details",IF(AND($T29="Downloaded",LEN($X29)<>64),"Check SHA-256",IF(AND($Q29="",$R29=""),"Add a URL",IF($S29="No","Not official - replace",IF($M29="Not verified","Verify status","OK")))))))) | AG29: Needs fix | AH29: Auto-QA 12-Oct-2026 | AI29: 1) Downloaded but missing: Direct Document URL, File Size (KB), SHA-256 Checksum, Version / Edition, Issued On, Pages. | 2) Set Current Status from the document (Current / Superseded ...).
A30: S-026 | B30: Intern A | C30: 4. Student Protection & Inclusion | D30: UGC | E30: regulatory | F30: Good-practice standard | G30: UGC-008 | H30: UGC Accessibility Guidelines and Standards for HEIs | I30: Guideline | M30: Not verified | O30: HEIs | T30: Downloaded | U30: https://drive.google.com/file/d/1w24SO93KZWXoLHJePCz2k2FMgyvEW81h/view?usp=drive_link | Y30: No | Z30: 12 | AA30: document_index | AE30: https://www.ugc.gov.in/Guideline | AF30: =IF($H30="","",IF($T30="To find","Not started",IF(($C30="")+($D30="")+($E30="")+($G30="")+($I30="")+($M30="")+($O30="")+($S30="")>0,"Missing basic details",IF(AND($T30="Downloaded",($R30="")+($U30="")+($V30="")+(($W30="")*(RIGHT(LOWER($U30),4)=".pdf"))>0),"Add file details",IF(AND($T30="Downloaded",LEN($X30)<>64),"Check SHA-256",IF(AND($Q30="",$R30=""),"Add a URL",IF($S30="No","Not official - replace",IF($M30="Not verified","Verify status","OK")))))))) | AG30: Needs fix | AH30: Auto-QA 12-Oct-2026 | AI30: 1) Downloaded but missing: Direct Document URL, File Size (KB), SHA-256 Checksum, Version / Edition, Issued On, Pages. | 2) Set Current Status from the document (Current / Superseded ...).
A31: S-027 | B31: Intern A | C31: 4. Student Protection & Inclusion | D31: UGC | E31: regulatory | F31: Good-practice standard | G31: UGC-009 | H31: UGC guidelines on equitable opportunities for socio-economically disadvantaged groups (SEDG) | I31: Guideline | M31: Not verified | O31: HEIs | T31: Downloaded | U31: https://drive.google.com/file/d/1zzWY39CGx8soqpcCMi32KadwmjTI8TJI/view?usp=drive_link | Y31: No | Z31: 12 | AA31: document_index | AE31: https://www.ugc.gov.in/Guideline | AF31: =IF($H31="","",IF($T31="To find","Not started",IF(($C31="")+($D31="")+($E31="")+($G31="")+($I31="")+($M31="")+($O31="")+($S31="")>0,"Missing basic details",IF(AND($T31="Downloaded",($R31="")+($U31="")+($V31="")+(($W31="")*(RIGHT(LOWER($U31),4)=".pdf"))>0),"Add file details",IF(AND($T31="Downloaded",LEN($X31)<>64),"Check SHA-256",IF(AND($Q31="",$R31=""),"Add a URL",IF($S31="No","Not official - replace",IF($M31="Not verified","Verify status","OK")))))))) | AG31: Needs fix | AH31: Auto-QA 12-Oct-2026 | AI31: 1) Downloaded but missing: Direct Document URL, File Size (KB), SHA-256 Checksum, Version / Edition, Issued On, Pages. | 2) Set Current Status from the document (Current / Superseded ...).
A32: S-028 | B32: Intern A | C32: 2. Higher-Education Regulation | D32: UGC | E32: regulatory | F32: Mandatory | G32: UGC-010 | H32: UGC Open and Distance Learning and Online Programmes Regulations | I32: Regulation | M32: Not verified | O32: Eligible HEIs | T32: Downloaded | U32: https://drive.google.com/drive/folders/1ZHdieeVU_fvMWe8NT_z3RLyr0nvQ5419?usp=drive_link | Y32: No | Z32: 3 | AA32: document_index | AE32: https://www.ugc.gov.in/Regulations | AF32: =IF($H32="","",IF($T32="To find","Not started",IF(($C32="")+($D32="")+($E32="")+($G32="")+($I32="")+($M32="")+($O32="")+($S32="")>0,"Missing basic details",IF(AND($T32="Downloaded",($R32="")+($U32="")+($V32="")+(($W32="")*(RIGHT(LOWER($U32),4)=".pdf"))>0),"Add file details",IF(AND($T32="Downloaded",LEN($X32)<>64),"Check SHA-256",IF(AND($Q32="",$R32=""),"Add a URL",IF($S32="No","Not official - replace",IF($M32="Not verified","Verify status","OK")))))))) | AG32: Needs fix | AH32: Auto-QA 12-Oct-2026 | AI32: 1) Drive link is a FOLDER - link the exact file (drive.google.com/file/d/...). | 2) Downloaded but missing: Direct Document URL, File Size (KB), SHA-256 Checksum, Version / Edition, Issued On. | 3) Set Current Status from the document (Current / Superseded ...).
A33: S-029 | B33: Intern A | C33: 2. Higher-Education Regulation | D33: UGC | E33: regulatory | F33: Mandatory | G33: UGC-011 | H33: UGC PhD regulations (minimum standards and procedures for award of PhD) | I33: Regulation | M33: Not verified | T33: Downloaded | U33: https://drive.google.com/drive/folders/1ZHdieeVU_fvMWe8NT_z3RLyr0nvQ5419?usp=drive_link | Y33: No | Z33: 3 | AA33: document_index | AE33: https://www.ugc.gov.in/Regulations | AF33: =IF($H33="","",IF($T33="To find","Not started",IF(($C33="")+($D33="")+($E33="")+($G33="")+($I33="")+($M33="")+($O33="")+($S33="")>0,"Missing basic details",IF(AND($T33="Downloaded",($R33="")+($U33="")+($V33="")+(($W33="")*(RIGHT(LOWER($U33),4)=".pdf"))>0),"Add file details",IF(AND($T33="Downloaded",LEN($X33)<>64),"Check SHA-256",IF(AND($Q33="",$R33=""),"Add a URL",IF($S33="No","Not official - replace",IF($M33="Not verified","Verify status","OK")))))))) | AG33: Needs fix | AH33: Auto-QA 12-Oct-2026 | AI33: 1) Drive link is a FOLDER - link the exact file (drive.google.com/file/d/...). | 2) Downloaded but missing: Direct Document URL, File Size (KB), SHA-256 Checksum, Version / Edition, Issued On. | 3) Set Current Status from the document (Current / Superseded ...). | 4) Fill "Applies To".
A34: S-030 | B34: Intern A | C34: 2. Higher-Education Regulation | D34: UGC | E34: regulatory | F34: Mandatory | G34: UGC-012 | H34: UGC regulations for conferment of autonomous status on colleges | I34: Regulation | M34: Not verified | O34: Autonomous colleges | T34: Downloaded | U34: https://drive.google.com/drive/folders/1ZHdieeVU_fvMWe8NT_z3RLyr0nvQ5419?usp=drive_link | Y34: No | Z34: 3 | AA34: document_index | AE34: https://www.ugc.gov.in/Regulations | AF34: =IF($H34="","",IF($T34="To find","Not started",IF(($C34="")+($D34="")+($E34="")+($G34="")+($I34="")+($M34="")+($O34="")+($S34="")>0,"Missing basic details",IF(AND($T34="Downloaded",($R34="")+($U34="")+($V34="")+(($W34="")*(RIGHT(LOWER($U34),4)=".pdf"))>0),"Add file details",IF(AND($T34="Downloaded",LEN($X34)<>64),"Check SHA-256",IF(AND($Q34="",$R34=""),"Add a URL",IF($S34="No","Not official - replace",IF($M34="Not verified","Verify status","OK")))))))) | AG34: Needs fix | AH34: Auto-QA 12-Oct-2026 | AI34: 1) Drive link is a FOLDER - link the exact file (drive.google.com/file/d/...). | 2) Downloaded but missing: Direct Document URL, File Size (KB), SHA-256 Checksum, Version / Edition, Issued On. | 3) Set Current Status from the document (Current / Superseded ...).
A35: S-031 | B35: Intern A | C35: 2. Higher-Education Regulation | D35: UGC | E35: regulatory | F35: Mandatory | G35: UGC-013 | H35: UGC institutional recognition requirements | I35: Regulation | M35: Not verified | T35: Downloaded | U35: https://drive.google.com/drive/folders/1ZHdieeVU_fvMWe8NT_z3RLyr0nvQ5419?usp=drive_link | Y35: No | Z35: 3 | AA35: document_index | AD35: Identify which current regulations cover recognition; one row each. | AE35: https://www.ugc.gov.in/Regulations | AF35: =IF($H35="","",IF($T35="To find","Not started",IF(($C35="")+($D35="")+($E35="")+($G35="")+($I35="")+($M35="")+($O35="")+($S35="")>0,"Missing basic details",IF(AND($T35="Downloaded",($R35="")+($U35="")+($V35="")+(($W35="")*(RIGHT(LOWER($U35),4)=".pdf"))>0),"Add file details",IF(AND($T35="Downloaded",LEN($X35)<>64),"Check SHA-256",IF(AND($Q35="",$R35=""),"Add a URL",IF($S35="No","Not official - replace",IF($M35="Not verified","Verify status","OK")))))))) | AG35: Needs fix | AH35: Auto-QA 12-Oct-2026 | AI35: 1) Drive link is a FOLDER - link the exact file (drive.google.com/file/d/...). | 2) Downloaded but missing: Direct Document URL, File Size (KB), SHA-256 Checksum, Version / Edition, Issued On. | 3) Set Current Status from the document (Current / Superseded ...). | 4) Fill "Applies To".
A36: S-032 | B36: Intern A | C36: 2. Higher-Education Regulation | D36: UGC | E36: regulatory | F36: Good-practice standard | G36: UGC-014 | H36: UGC internship guidelines | I36: Guideline | M36: Not verified | T36: Downloaded | U36: https://drive.google.com/drive/folders/1ZHdieeVU_fvMWe8NT_z3RLyr0nvQ5419?usp=drive_link | Y36: No | Z36: 12 | AA36: document_index | AE36: https://www.ugc.gov.in/Guideline | AF36: =IF($H36="","",IF($T36="To find","Not started",IF(($C36="")+($D36="")+($E36="")+($G36="")+($I36="")+($M36="")+($O36="")+($S36="")>0,"Missing basic details",IF(AND($T36="Downloaded",($R36="")+($U36="")+($V36="")+(($W36="")*(RIGHT(LOWER($U36),4)=".pdf"))>0),"Add file details",IF(AND($T36="Downloaded",LEN($X36)<>64),"Check SHA-256",IF(AND($Q36="",$R36=""),"Add a URL",IF($S36="No","Not official - replace",IF($M36="Not verified","Verify status","OK")))))))) | AG36: Needs fix | AH36: Auto-QA 12-Oct-2026 | AI36: 1) Drive link is a FOLDER - link the exact file (drive.google.com/file/d/...). | 2) Downloaded but missing: Direct Document URL, File Size (KB), SHA-256 Checksum, Version / Edition, Issued On. | 3) Set Current Status from the document (Current / Superseded ...). | 4) Fill "Applies To".
A37: S-033 | B37: Intern A | C37: 2. Higher-Education Regulation | D37: UGC | E37: regulatory | F37: Good-practice standard | G37: UGC-015 | H37: UGC guidelines on academia-industry linkage | I37: Guideline | M37: Not verified | T37: Downloaded | U37: https://drive.google.com/drive/folders/1ZHdieeVU_fvMWe8NT_z3RLyr0nvQ5419?usp=drive_link | Y37: No | Z37: 12 | AA37: document_index | AE37: https://www.ugc.gov.in/Guideline | AF37: =IF($H37="","",IF($T37="To find","Not started",IF(($C37="")+($D37="")+($E37="")+($G37="")+($I37="")+($M37="")+($O37="")+($S37="")>0,"Missing basic details",IF(AND($T37="Downloaded",($R37="")+($U37="")+($V37="")+(($W37="")*(RIGHT(LOWER($U37),4)=".pdf"))>0),"Add file details",IF(AND($T37="Downloaded",LEN($X37)<>64),"Check SHA-256",IF(AND($Q37="",$R37=""),"Add a URL",IF($S37="No","Not official - replace",IF($M37="Not verified","Verify status","OK")))))))) | AG37: Needs fix | AH37: Auto-QA 12-Oct-2026 | AI37: 1) Drive link is a FOLDER - link the exact file (drive.google.com/file/d/...). | 2) Downloaded but missing: Direct Document URL, File Size (KB), SHA-256 Checksum, Version / Edition, Issued On. | 3) Set Current Status from the document (Current / Superseded ...). | 4) Fill "Applies To".
A38: S-034 | B38: Intern A | C38: 2. Higher-Education Regulation | D38: UGC | E38: regulatory | F38: Good-practice standard | G38: UGC-016 | H38: UGC guidelines on internationalisation of higher education | I38: Guideline | M38: Not verified | T38: Downloaded | U38: https://drive.google.com/drive/folders/1ZHdieeVU_fvMWe8NT_z3RLyr0nvQ5419?usp=drive_link | Y38: No | Z38: 12 | AA38: document_index | AE38: https://www.ugc.gov.in/Guideline | AF38: =IF($H38="","",IF($T38="To find","Not started",IF(($C38="")+($D38="")+($E38="")+($G38="")+($I38="")+($M38="")+($O38="")+($S38="")>0,"Missing basic details",IF(AND($T38="Downloaded",($R38="")+($U38="")+($V38="")+(($W38="")*(RIGHT(LOWER($U38),4)=".pdf"))>0),"Add file details",IF(AND($T38="Downloaded",LEN($X38)<>64),"Check SHA-256",IF(AND($Q38="",$R38=""),"Add a URL",IF($S38="No","Not official - replace",IF($M38="Not verified","Verify status","OK")))))))) | AG38: Needs fix | AH38: Auto-QA 12-Oct-2026 | AI38: 1) Drive link is a FOLDER - link the exact file (drive.google.com/file/d/...). | 2) Downloaded but missing: Direct Document URL, File Size (KB), SHA-256 Checksum, Version / Edition, Issued On. | 3) Set Current Status from the document (Current / Superseded ...). | 4) Fill "Applies To".
A39: S-035 | B39: Intern A | C39: 2. Higher-Education Regulation | D39: UGC | E39: regulatory | F39: Good-practice standard | G39: UGC-017 | H39: UGC guidelines on multiple entry and exit | I39: Guideline | M39: Not verified | T39: Downloaded | U39: https://drive.google.com/drive/folders/1ZHdieeVU_fvMWe8NT_z3RLyr0nvQ5419?usp=drive_link | Y39: No | Z39: 12 | AA39: document_index | AE39: https://www.ugc.gov.in/Guideline | AF39: =IF($H39="","",IF($T39="To find","Not started",IF(($C39="")+($D39="")+($E39="")+($G39="")+($I39="")+($M39="")+($O39="")+($S39="")>0,"Missing basic details",IF(AND($T39="Downloaded",($R39="")+($U39="")+($V39="")+(($W39="")*(RIGHT(LOWER($U39),4)=".pdf"))>0),"Add file details",IF(AND($T39="Downloaded",LEN($X39)<>64),"Check SHA-256",IF(AND($Q39="",$R39=""),"Add a URL",IF($S39="No","Not official - replace",IF($M39="Not verified","Verify status","OK")))))))) | AG39: Needs fix | AH39: Auto-QA 12-Oct-2026 | AI39: 1) Drive link is a FOLDER - link the exact file (drive.google.com/file/d/...). | 2) Downloaded but missing: Direct Document URL, File Size (KB), SHA-256 Checksum, Version / Edition, Issued On. | 3) Set Current Status from the document (Current / Superseded ...). | 4) Fill "Applies To".
A40: S-036 | B40: Intern A | C40: 2. Higher-Education Regulation | D40: UGC | E40: regulatory | F40: Good-practice standard | G40: UGC-018 | H40: UGC guidelines on public self-disclosure by HEIs | I40: Guideline | M40: Not verified | T40: Downloaded | U40: https://drive.google.com/drive/folders/1ZHdieeVU_fvMWe8NT_z3RLyr0nvQ5419?usp=drive_link | Y40: No | Z40: 12 | AA40: document_index | AE40: https://www.ugc.gov.in/Guideline | AF40: =IF($H40="","",IF($T40="To find","Not started",IF(($C40="")+($D40="")+($E40="")+($G40="")+($I40="")+($M40="")+($O40="")+($S40="")>0,"Missing basic details",IF(AND($T40="Downloaded",($R40="")+($U40="")+($V40="")+(($W40="")*(RIGHT(LOWER($U40),4)=".pdf"))>0),"Add file details",IF(AND($T40="Downloaded",LEN($X40)<>64),"Check SHA-256",IF(AND($Q40="",$R40=""),"Add a URL",IF($S40="No","Not official - replace",IF($M40="Not verified","Verify status","OK")))))))) | AG40: Needs fix | AH40: Auto-QA 12-Oct-2026 | AI40: 1) Drive link is a FOLDER - link the exact file (drive.google.com/file/d/...). | 2) Downloaded but missing: Direct Document URL, File Size (KB), SHA-256 Checksum, Version / Edition, Issued On. | 3) Set Current Status from the document (Current / Superseded ...). | 4) Fill "Applies To".
A41: S-037 | B41: Intern A | C41: 2. Higher-Education Regulation | D41: UGC | E41: regulatory | F41: Good-practice standard | G41: UGC-019 | H41: UGC guidelines on multidisciplinary education | I41: Guideline | M41: Not verified | T41: Downloaded | U41: https://drive.google.com/drive/folders/1ZHdieeVU_fvMWe8NT_z3RLyr0nvQ5419?usp=drive_link | Y41: No | Z41: 12 | AA41: document_index | AE41: https://www.ugc.gov.in/Guideline | AF41: =IF($H41="","",IF($T41="To find","Not started",IF(($C41="")+($D41="")+($E41="")+($G41="")+($I41="")+($M41="")+($O41="")+($S41="")>0,"Missing basic details",IF(AND($T41="Downloaded",($R41="")+($U41="")+($V41="")+(($W41="")*(RIGHT(LOWER($U41),4)=".pdf"))>0),"Add file details",IF(AND($T41="Downloaded",LEN($X41)<>64),"Check SHA-256",IF(AND($Q41="",$R41=""),"Add a URL",IF($S41="No","Not official - replace",IF($M41="Not verified","Verify status","OK")))))))) | AG41: Needs fix | AH41: Auto-QA 12-Oct-2026 | AI41: 1) Drive link is a FOLDER - link the exact file (drive.google.com/file/d/...). | 2) Downloaded but missing: Direct Document URL, File Size (KB), SHA-256 Checksum, Version / Edition, Issued On. | 3) Set Current Status from the document (Current / Superseded ...). | 4) Fill "Applies To".
A42: S-038 | B42: Intern A | C42: 2. Higher-Education Regulation | D42: Ministry of Education | E42: government_policy | F42: Authoritative quality framework | G42: MOE-001 | H42: National Education Policy 2020 | I42: Policy | M42: Not verified | O42: All HEIs | T42: Downloaded | U42: https://drive.google.com/drive/folders/14ZGtFyWl8JNwt1gTxEb97-n5kyx5BW1q?usp=drive_link | Y42: No | Z42: 12 | AA42: web_page | AD42: v0.1 auto-download failed (404 - old link moved). Open the official site in a browser and download manually. | AE42: https://www.education.gov.in/ | AF42: =IF($H42="","",IF($T42="To find","Not started",IF(($C42="")+($D42="")+($E42="")+($G42="")+($I42="")+($M42="")+($O42="")+($S42="")>0,"Missing basic details",IF(AND($T42="Downloaded",($R42="")+($U42="")+($V42="")+(($W42="")*(RIGHT(LOWER($U42),4)=".pdf"))>0),"Add file details",IF(AND($T42="Downloaded",LEN($X42)<>64),"Check SHA-256",IF(AND($Q42="",$R42=""),"Add a URL",IF($S42="No","Not official - replace",IF($M42="Not verified","Verify status","OK")))))))) | AG42: Needs fix | AH42: Auto-QA 12-Oct-2026 | AI42: 1) Drive link is a FOLDER - link the exact file (drive.google.com/file/d/...). | 2) Downloaded but missing: Direct Document URL, File Size (KB), SHA-256 Checksum, Version / Edition, Issued On. | 3) Set Current Status from the document (Current / Superseded ...).
A43: S-039 | B43: Intern A | C43: 4. Student Protection & Inclusion | D43: UGC | E43: regulatory | F43: Mandatory | G43: UGC-020 | H43: UGC (Redress of Grievances of Students) Regulations | I43: Regulation | M43: Not verified | T43: Downloaded | U43: https://drive.google.com/drive/folders/12ofXhDk0-s-f4gRiPnlIKA-APC8r7P41?usp=drive_link | Y43: No | Z43: 3 | AA43: document_index | AE43: https://www.ugc.gov.in/Regulations | AF43: =IF($H43="","",IF($T43="To find","Not started",IF(($C43="")+($D43="")+($E43="")+($G43="")+($I43="")+($M43="")+($O43="")+($S43="")>0,"Missing basic details",IF(AND($T43="Downloaded",($R43="")+($U43="")+($V43="")+(($W43="")*(RIGHT(LOWER($U43),4)=".pdf"))>0),"Add file details",IF(AND($T43="Downloaded",LEN($X43)<>64),"Check SHA-256",IF(AND($Q43="",$R43=""),"Add a URL",IF($S43="No","Not official - replace",IF($M43="Not verified","Verify status","OK")))))))) | AG43: Needs fix | AH43: Auto-QA 12-Oct-2026 | AI43: 1) Drive link is a FOLDER - link the exact file (drive.google.com/file/d/...). | 2) Downloaded but missing: Direct Document URL, File Size (KB), SHA-256 Checksum, Version / Edition, Issued On. | 3) Set Current Status from the document (Current / Superseded ...). | 4) Fill "Applies To".
A44: S-040 | B44: Intern A | C44: 4. Student Protection & Inclusion | D44: UGC | E44: regulatory | F44: Mandatory | G44: UGC-021 | H44: UGC Regulations on Curbing the Menace of Ragging in HEIs | I44: Regulation | M44: Not verified | T44: Downloaded | U44: https://drive.google.com/drive/folders/12ofXhDk0-s-f4gRiPnlIKA-APC8r7P41?usp=drive_link | Y44: No | Z44: 3 | AA44: document_index | AE44: https://www.ugc.gov.in/Regulations | AF44: =IF($H44="","",IF($T44="To find","Not started",IF(($C44="")+($D44="")+($E44="")+($G44="")+($I44="")+($M44="")+($O44="")+($S44="")>0,"Missing basic details",IF(AND($T44="Downloaded",($R44="")+($U44="")+($V44="")+(($W44="")*(RIGHT(LOWER($U44),4)=".pdf"))>0),"Add file details",IF(AND($T44="Downloaded",LEN($X44)<>64),"Check SHA-256",IF(AND($Q44="",$R44=""),"Add a URL",IF($S44="No","Not official - replace",IF($M44="Not verified","Verify status","OK")))))))) | AG44: Needs fix | AH44: Auto-QA 12-Oct-2026 | AI44: 1) Drive link is a FOLDER - link the exact file (drive.google.com/file/d/...). | 2) Downloaded but missing: Direct Document URL, File Size (KB), SHA-256 Checksum, Version / Edition, Issued On. | 3) Set Current Status from the document (Current / Superseded ...). | 4) Fill "Applies To".
A45: S-041 | B45: Intern A | C45: 4. Student Protection & Inclusion | D45: UGC | E45: regulatory | F45: Mandatory | G45: UGC-022 | H45: UGC regulations on prevention of sexual harassment of women employees and students in HEIs | I45: Regulation | M45: Not verified | T45: Downloaded | U45: https://drive.google.com/drive/folders/12ofXhDk0-s-f4gRiPnlIKA-APC8r7P41?usp=drive_link | Y45: No | Z45: 3 | AA45: document_index | AE45: https://www.ugc.gov.in/Regulations | AF45: =IF($H45="","",IF($T45="To find","Not started",IF(($C45="")+($D45="")+($E45="")+($G45="")+($I45="")+($M45="")+($O45="")+($S45="")>0,"Missing basic details",IF(AND($T45="Downloaded",($R45="")+($U45="")+($V45="")+(($W45="")*(RIGHT(LOWER($U45),4)=".pdf"))>0),"Add file details",IF(AND($T45="Downloaded",LEN($X45)<>64),"Check SHA-256",IF(AND($Q45="",$R45=""),"Add a URL",IF($S45="No","Not official - replace",IF($M45="Not verified","Verify status","OK")))))))) | AG45: Needs fix | AH45: Auto-QA 12-Oct-2026 | AI45: 1) Drive link is a FOLDER - link the exact file (drive.google.com/file/d/...). | 2) Downloaded but missing: Direct Document URL, File Size (KB), SHA-256 Checksum, Version / Edition, Issued On. | 3) Set Current Status from the document (Current / Superseded ...). | 4) Fill "Applies To".
A46: S-042 | B46: Intern A | C46: 4. Student Protection & Inclusion | D46: Parliament of India | E46: regulatory | F46: Mandatory | G46: LAW-001 | H46: Sexual Harassment of Women at Workplace (Prevention, Prohibition and Redressal) Act, 2013 and Rules | I46: Act / Law | M46: Not verified | T46: Downloaded | U46: https://drive.google.com/drive/folders/1qh0Smf7rTkLe1WIp34b_p4HbCqyUCgir?usp=drive_link | Y46: No | Z46: 12 | AA46: web_page | AD46: Use the official Gazette / India Code (indiacode.nic.in) copy only. | AF46: =IF($H46="","",IF($T46="To find","Not started",IF(($C46="")+($D46="")+($E46="")+($G46="")+($I46="")+($M46="")+($O46="")+($S46="")>0,"Missing basic details",IF(AND($T46="Downloaded",($R46="")+($U46="")+($V46="")+(($W46="")*(RIGHT(LOWER($U46),4)=".pdf"))>0),"Add file details",IF(AND($T46="Downloaded",LEN($X46)<>64),"Check SHA-256",IF(AND($Q46="",$R46=""),"Add a URL",IF($S46="No","Not official - replace",IF($M46="Not verified","Verify status","OK")))))))) | AG46: Needs fix | AH46: Auto-QA 12-Oct-2026 | AI46: 1) Drive link is a FOLDER - link the exact file (drive.google.com/file/d/...). | 2) Downloaded but missing: Direct Document URL, File Size (KB), SHA-256 Checksum, Version / Edition, Issued On. | 3) Set Current Status from the document (Current / Superseded ...). | 4) Fill "Applies To".
A47: S-043 | B47: Intern A | C47: 4. Student Protection & Inclusion | D47: Parliament of India | E47: regulatory | F47: Mandatory | G47: LAW-002 | H47: Rights of Persons with Disabilities Act, 2016 and Rules | I47: Act / Law | M47: Not verified | Q47: https://depwd.gov.in/en/document-category/acts/ | T47: Downloaded | U47: https://drive.google.com/drive/folders/1qh0Smf7rTkLe1WIp34b_p4HbCqyUCgir?usp=drive_link | Y47: No | Z47: 12 | AA47: web_page | AD47: Use the official Gazette / India Code (indiacode.nic.in) copy only. | AF47: =IF($H47="","",IF($T47="To find","Not started",IF(($C47="")+($D47="")+($E47="")+($G47="")+($I47="")+($M47="")+($O47="")+($S47="")>0,"Missing basic details",IF(AND($T47="Downloaded",($R47="")+($U47="")+($V47="")+(($W47="")*(RIGHT(LOWER($U47),4)=".pdf"))>0),"Add file details",IF(AND($T47="Downloaded",LEN($X47)<>64),"Check SHA-256",IF(AND($Q47="",$R47=""),"Add a URL",IF($S47="No","Not official - replace",IF($M47="Not verified","Verify status","OK")))))))) | AG47: Needs fix | AH47: Auto-QA 12-Oct-2026 | AI47: 1) Drive link is a FOLDER - link the exact file (drive.google.com/file/d/...). | 2) Downloaded but missing: Direct Document URL, File Size (KB), SHA-256 Checksum, Version / Edition, Issued On. | 3) Set Current Status from the document (Current / Superseded ...). | 4) Fill "Applies To".
A48: S-044 | B48: Intern A | C48: 4. Student Protection & Inclusion | D48: Other (write in notes) | E48: government_policy | F48: Mandatory | G48: WEL-001 | H48: Government student safety, security and welfare requirements (identify applicable ones) | I48: Guideline | M48: Not verified | T48: Downloaded | U48: https://drive.google.com/drive/folders/1HT1E0nIgCEXzKLw9tW-JlYxAqB3q1dzg?usp=drive_link | Y48: No | Z48: 12 | AA48: web_page | AD48: Research task: list each applicable official document as its own row. | AF48: =IF($H48="","",IF($T48="To find","Not started",IF(($C48="")+($D48="")+($E48="")+($G48="")+($I48="")+($M48="")+($O48="")+($S48="")>0,"Missing basic details",IF(AND($T48="Downloaded",($R48="")+($U48="")+($V48="")+(($W48="")*(RIGHT(LOWER($U48),4)=".pdf"))>0),"Add file details",IF(AND($T48="Downloaded",LEN($X48)<>64),"Check SHA-256",IF(AND($Q48="",$R48=""),"Add a URL",IF($S48="No","Not official - replace",IF($M48="Not verified","Verify status","OK")))))))) | AG48: Needs fix | AH48: Auto-QA 12-Oct-2026 | AI48: 1) Title is still the template placeholder - replace with the exact official title, one row per document (add rows for the others). | 2) Drive link is a FOLDER - link the exact file (drive.google.com/file/d/...). | 3) Downloaded but missing: Direct Document URL, File Size (KB), SHA-256 Checksum, Version / Edition, Issued On. | 4) Set Current Status from the document (Current / Superseded ...). | 5) Fill "Applies To".
A49: S-045 | B49: Intern A | C49: 7. Research, Innovation & Impact | D49: ANRF | E49: government_policy | F49: Intelligence signal | G49: ANRF-001 | H49: ANRF research programmes (grants, Impact CoE, Catalytic Partnership, MAHA) | I49: Portal page | M49: Not verified | T49: Downloaded | U49: https://drive.google.com/drive/folders/1dNCbS_nZOuLBPwjeBywToyKJowV-KK0p?usp=drive_link | Y49: No | Z49: 3 | AA49: web_page | AD49: One row per programme document. | AF49: =IF($H49="","",IF($T49="To find","Not started",IF(($C49="")+($D49="")+($E49="")+($G49="")+($I49="")+($M49="")+($O49="")+($S49="")>0,"Missing basic details",IF(AND($T49="Downloaded",($R49="")+($U49="")+($V49="")+(($W49="")*(RIGHT(LOWER($U49),4)=".pdf"))>0),"Add file details",IF(AND($T49="Downloaded",LEN($X49)<>64),"Check SHA-256",IF(AND($Q49="",$R49=""),"Add a URL",IF($S49="No","Not official - replace",IF($M49="Not verified","Verify status","OK")))))))) | AG49: Needs fix | AH49: Auto-QA 12-Oct-2026 | AI49: 1) Drive link is a FOLDER - link the exact file (drive.google.com/file/d/...). | 2) Downloaded but missing: Direct Document URL, File Size (KB), SHA-256 Checksum, Version / Edition, Issued On. | 3) Set Current Status from the document (Current / Superseded ...). | 4) Fill "Applies To".
A50: S-046 | B50: Intern A | C50: 7. Research, Innovation & Impact | D50: Other (write in notes) | E50: government_policy | F50: Intelligence signal | G50: RES-001 | H50: DST / DBT / MeitY / BIRAC / ISRO / DRDO research-call pages | I50: Portal page | M50: Not verified | T50: Downloaded | U50: https://drive.google.com/drive/folders/14IuvtQDAEPeddjnKBm6qR83OP-k1odET?usp=drive_link | Y50: No | Z50: 1 | AA50: web_page | AD50: Intelligence signal: one row per agency call page, not every call. | AF50: =IF($H50="","",IF($T50="To find","Not started",IF(($C50="")+($D50="")+($E50="")+($G50="")+($I50="")+($M50="")+($O50="")+($S50="")>0,"Missing basic details",IF(AND($T50="Downloaded",($R50="")+($U50="")+($V50="")+(($W50="")*(RIGHT(LOWER($U50),4)=".pdf"))>0),"Add file details",IF(AND($T50="Downloaded",LEN($X50)<>64),"Check SHA-256",IF(AND($Q50="",$R50=""),"Add a URL",IF($S50="No","Not official - replace",IF($M50="Not verified","Verify status","OK")))))))) | AG50: Needs fix | AH50: Auto-QA 12-Oct-2026 | AI50: 1) Title is still the template placeholder - replace with the exact official title, one row per document (add rows for the others). | 2) Drive link is a FOLDER - link the exact file (drive.google.com/file/d/...). | 3) Downloaded but missing: Direct Document URL, File Size (KB), SHA-256 Checksum, Version / Edition, Issued On. | 4) Set Current Status from the document (Current / Superseded ...). | 5) Fill "Applies To".
A51: S-047 | B51: Intern A | C51: 7. Research, Innovation & Impact | D51: Other (write in notes) | E51: government_policy | F51: Good-practice standard | G51: RES-002 | H51: IP, technology-transfer and startup / incubation policy sources | I51: Policy | M51: Not verified | S51: Yes | T51: Downloaded | U51: https://drive.google.com/drive/folders/14IuvtQDAEPeddjnKBm6qR83OP-k1odET?usp=drive_link | Y51: No | Z51: 12 | AA51: web_page | AD51: Research task: identify the official national policy documents. | AF51: =IF($H51="","",IF($T51="To find","Not started",IF(($C51="")+($D51="")+($E51="")+($G51="")+($I51="")+($M51="")+($O51="")+($S51="")>0,"Missing basic details",IF(AND($T51="Downloaded",($R51="")+($U51="")+($V51="")+(($W51="")*(RIGHT(LOWER($U51),4)=".pdf"))>0),"Add file details",IF(AND($T51="Downloaded",LEN($X51)<>64),"Check SHA-256",IF(AND($Q51="",$R51=""),"Add a URL",IF($S51="No","Not official - replace",IF($M51="Not verified","Verify status","OK")))))))) | AG51: Needs fix | AH51: Auto-QA 12-Oct-2026 | AI51: 1) Title is still the template placeholder - replace with the exact official title, one row per document (add rows for the others). | 2) Drive link is a FOLDER - link the exact file (drive.google.com/file/d/...). | 3) Downloaded but missing: Direct Document URL, File Size (KB), SHA-256 Checksum, Version / Edition, Issued On. | 4) Set Current Status from the document (Current / Superseded ...). | 5) Fill "Applies To".
A52: S-048 | B52: Intern A | C52: 7. Research, Innovation & Impact | D52: Other (write in notes) | E52: government_policy | F52: Good-practice standard | G52: RES-003 | H52: Research ethics, research-data and publication-integrity sources | I52: Guideline | M52: Not verified | R52: https://www.ugc.gov.in/pdfnews/7771545_academic-integrity-Regulation2018.pdf | S52: Yes | T52: Downloaded | U52: https://drive.google.com/drive/folders/14IuvtQDAEPeddjnKBm6qR83OP-k1odET?usp=drive_link | Y52: No | Z52: 12 | AA52: web_page | AD52: Research task: identify the official sources. | AF52: =IF($H52="","",IF($T52="To find","Not started",IF(($C52="")+($D52="")+($E52="")+($G52="")+($I52="")+($M52="")+($O52="")+($S52="")>0,"Missing basic details",IF(AND($T52="Downloaded",($R52="")+($U52="")+($V52="")+(($W52="")*(RIGHT(LOWER($U52),4)=".pdf"))>0),"Add file details",IF(AND($T52="Downloaded",LEN($X52)<>64),"Check SHA-256",IF(AND($Q52="",$R52=""),"Add a URL",IF($S52="No","Not official - replace",IF($M52="Not verified","Verify status","OK")))))))) | AG52: Needs fix | AH52: Auto-QA 12-Oct-2026 | AI52: 1) Link is the UGC academic-integrity regulation, which is already row UGC-005 - use a different source or merge. | 2) Title is still the template placeholder - replace with the exact official title, one row per document (add rows for the others). | 3) Drive link is a FOLDER - link the exact file (drive.google.com/file/d/...). | 4) Downloaded but missing: File Size (KB), SHA-256 Checksum, Version / Edition, Issued On. | 5) Set Current Status from the document (Current / Superseded ...). | 6) Fill "Applies To".
A53: S-049 | B53: Intern B | C53: 3. Technical, Polytechnic & ITI | D53: AICTE | E53: regulatory | F53: Mandatory | H53: AICTE Approval Process Handbook 2024-2027 | I53: Handbook | M53: Not verified | O53: Technical institutions | Q53: https://aicte.gov.in/approal-process-2024-2027 | S53: Yes | T53: Downloaded | U53: https://drive.google.com/file/d/1Ei3WITWwS6q1YZga7toj13tfc5M2hcIl/view?usp=drive_link | Y53: No | Z53: 12 | AA53: web_page | AD53: v0.1 auto-download failed (SSL certificate error). Open the official site in a browser and download manually. | AE53: https://www.aicte-india.org/ | AF53: =IF($H53="","",IF($T53="To find","Not started",IF(($C53="")+($D53="")+($E53="")+($G53="")+($I53="")+($M53="")+($O53="")+($S53="")>0,"Missing basic details",IF(AND($T53="Downloaded",($R53="")+($U53="")+($V53="")+(($W53="")*(RIGHT(LOWER($U53),4)=".pdf"))>0),"Add file details",IF(AND($T53="Downloaded",LEN($X53)<>64),"Check SHA-256",IF(AND($Q53="",$R53=""),"Add a URL",IF($S53="No","Not official - replace",IF($M53="Not verified","Verify status","OK")))))))) | AG53: Needs fix | AH53: Auto-QA 12-Oct-2026 | AI53: 1) Source Code is empty (this row is AICTE-001). | 2) Downloaded but missing: Direct Document URL, File Size (KB), SHA-256 Checksum, Version / Edition, Issued On, Pages. | 3) Set Current Status from the document (Current / Superseded ...).
A54: S-050 | B54: Intern B | C54: 3. Technical, Polytechnic & ITI | D54: AICTE | E54: regulatory | F54: Good-practice standard | G54: AICTE-002 | H54: AICTE model curricula (one row per programme: AI, ML, data science, cyber, robotics, IoT, cloud, XR...) | I54: Framework | M54: Not verified | O54: Technical programmes | Q54: aicte.gov.in/education/model-syllabus | R54: http://www.aicte-india.org/content/aicte-model-curriculum-courses-ug-level-emerging-areas-0 | S54: Yes | T54: Downloaded | U54: https://drive.google.com/file/d/1aytGuTrxCT5FrqD-tvYUpHOaA_8y0OER/view?usp=drive_link | Y54: No | Z54: 12 | AA54: document_index | AE54: https://www.aicte-india.org/education/model-curriculum | AF54: =IF($H54="","",IF($T54="To find","Not started",IF(($C54="")+($D54="")+($E54="")+($G54="")+($I54="")+($M54="")+($O54="")+($S54="")>0,"Missing basic details",IF(AND($T54="Downloaded",($R54="")+($U54="")+($V54="")+(($W54="")*(RIGHT(LOWER($U54),4)=".pdf"))>0),"Add file details",IF(AND($T54="Downloaded",LEN($X54)<>64),"Check SHA-256",IF(AND($Q54="",$R54=""),"Add a URL",IF($S54="No","Not official - replace",IF($M54="Not verified","Verify status","OK")))))))) | AG54: Needs fix | AH54: Auto-QA 12-Oct-2026 | AI54: 1) Title is still the template placeholder - replace with the exact official title, one row per document (add rows for the others). | 2) Downloaded but missing: File Size (KB), SHA-256 Checksum, Version / Edition, Issued On, Pages. | 3) Set Current Status from the document (Current / Superseded ...).
A55: S-051 | B55: Intern B | C55: 3. Technical, Polytechnic & ITI | D55: AICTE | E55: regulatory | F55: Good-practice standard | G55: AICTE-003 | H55: AICTE internship policy and guidelines | I55: Guideline | M55: Not verified | Q55: https://internship.aicte-india.org/ | R55: https://aicte.gov.in/sites/default/files/AICTE%20Internship%20Policy.pdf | S55: Yes | T55: Downloaded | U55: https://drive.google.com/file/d/1jIjPpuk0dPTWFvMQpTnw2WGoTNx6heeL/view?usp=drive_link | Y55: No | Z55: 12 | AA55: web_page | AE55: https://www.aicte-india.org/ | AF55: =IF($H55="","",IF($T55="To find","Not started",IF(($C55="")+($D55="")+($E55="")+($G55="")+($I55="")+($M55="")+($O55="")+($S55="")>0,"Missing basic details",IF(AND($T55="Downloaded",($R55="")+($U55="")+($V55="")+(($W55="")*(RIGHT(LOWER($U55),4)=".pdf"))>0),"Add file details",IF(AND($T55="Downloaded",LEN($X55)<>64),"Check SHA-256",IF(AND($Q55="",$R55=""),"Add a URL",IF($S55="No","Not official - replace",IF($M55="Not verified","Verify status","OK")))))))) | AG55: Needs fix | AH55: Auto-QA 12-Oct-2026 | AI55: 1) Downloaded but missing: File Size (KB), SHA-256 Checksum, Version / Edition, Issued On, Pages. | 2) Set Current Status from the document (Current / Superseded ...). | 3) Fill "Applies To".
A56: S-052 | B56: Intern B | C56: 3. Technical, Polytechnic & ITI | D56: AICTE | E56: regulatory | F56: Good-practice standard | G56: AICTE-004 | H56: AICTE innovation, startup and incubation policy materials | I56: Policy | M56: Not verified | Q56: https://www.aicte.gov.in/sites/default/files/aicte-odl-online-guidelines-2021.pdf | R56: https://www.aicte-india.org/sites/default/files/aicte-odl-online-guidelines-2021.pdf. | S56: Yes | T56: Downloaded | U56: https://drive.google.com/file/d/1B39ffsOUuZeDAab_b46Tc80HekXjPbGB/view?usp=drive_link | Y56: No | Z56: 12 | AA56: web_page | AE56: https://www.aicte-india.org/ | AF56: =IF($H56="","",IF($T56="To find","Not started",IF(($C56="")+($D56="")+($E56="")+($G56="")+($I56="")+($M56="")+($O56="")+($S56="")>0,"Missing basic details",IF(AND($T56="Downloaded",($R56="")+($U56="")+($V56="")+(($W56="")*(RIGHT(LOWER($U56),4)=".pdf"))>0),"Add file details",IF(AND($T56="Downloaded",LEN($X56)<>64),"Check SHA-256",IF(AND($Q56="",$R56=""),"Add a URL",IF($S56="No","Not official - replace",IF($M56="Not verified","Verify status","OK")))))))) | AG56: Needs fix | AH56: Auto-QA 12-Oct-2026 | AI56: 1) Link is the AICTE ODL/online guide, not the innovation / startup policy - find the right document. | 2) Downloaded but missing: File Size (KB), SHA-256 Checksum, Version / Edition, Issued On, Pages. | 3) Set Current Status from the document (Current / Superseded ...). | 4) Fill "Applies To".
A57: S-053 | B57: Intern B | C57: 3. Technical, Polytechnic & ITI | D57: AICTE | E57: regulatory | F57: Good-practice standard | G57: AICTE-005 | H57: AICTE digital-learning guidance | I57: Guideline | M57: Not verified | Q57: https://www.aicte.gov.in/bureaus/swayam | R57: https://www.aicte.gov.in/bureaus/approval/ap_documents | S57: Yes | T57: Downloaded | U57: https://drive.google.com/file/d/1kkvFLw26eUd11sQ9fbfGvLUwb6I7-QiO/view?usp=drive_link | Y57: No | Z57: 12 | AA57: web_page | AE57: https://www.aicte-india.org/ | AF57: =IF($H57="","",IF($T57="To find","Not started",IF(($C57="")+($D57="")+($E57="")+($G57="")+($I57="")+($M57="")+($O57="")+($S57="")>0,"Missing basic details",IF(AND($T57="Downloaded",($R57="")+($U57="")+($V57="")+(($W57="")*(RIGHT(LOWER($U57),4)=".pdf"))>0),"Add file details",IF(AND($T57="Downloaded",LEN($X57)<>64),"Check SHA-256",IF(AND($Q57="",$R57=""),"Add a URL",IF($S57="No","Not official - replace",IF($M57="Not verified","Verify status","OK")))))))) | AG57: Needs fix | AH57: Auto-QA 12-Oct-2026 | AI57: 1) Link is a general AICTE approval-documents page, not a digital-learning guidance document. | 2) Downloaded but missing: File Size (KB), SHA-256 Checksum, Version / Edition, Issued On, Pages. | 3) Set Current Status from the document (Current / Superseded ...). | 4) Fill "Applies To".
A58: S-054 | B58: Intern B | C58: 3. Technical, Polytechnic & ITI | D58: DGT | E58: regulatory | F58: Mandatory | G58: DGT-001 | H58: Affiliation Norms for ITIs 2025 | I58: Handbook | M58: Not verified | O58: ITIs | Q58: https://dgt.gov.in/ | R58: https://dgt.gov.in/sites/default/files/2025-12/Circular-for-Affiliation-Norms-for-ITIs-2025_0.pdf | S58: Yes | T58: Downloaded | U58: https://drive.google.com/drive/folders/1VEwxP1Wjc7q6hdG0iZ3h4uMgjrmBpXTY?usp=drive_link | V58: 9456 | W58: 160 | X58: cd096858ca6dd880eabf31fcde993b4cc79f701823c9c7437d2760e447a79c95 | Y58: No | Z58: 1 | AA58: document_index | AD58: From manager v0.1 pack (manifest DGT-ITI-2025). Verify dates from the circular. | AF58: =IF($H58="","",IF($T58="To find","Not started",IF(($C58="")+($D58="")+($E58="")+($G58="")+($I58="")+($M58="")+($O58="")+($S58="")>0,"Missing basic details",IF(AND($T58="Downloaded",($R58="")+($U58="")+($V58="")+(($W58="")*(RIGHT(LOWER($U58),4)=".pdf"))>0),"Add file details",IF(AND($T58="Downloaded",LEN($X58)<>64),"Check SHA-256",IF(AND($Q58="",$R58=""),"Add a URL",IF($S58="No","Not official - replace",IF($M58="Not verified","Verify status","OK")))))))) | AG58: Needs fix | AH58: Auto-QA 12-Oct-2026 | AI58: 1) Drive link is a FOLDER - link the exact file (drive.google.com/file/d/...). | 2) Downloaded but missing: Version / Edition, Issued On. | 3) Set Current Status from the document (Current / Superseded ...).
A59: S-055 | B59: Intern B | C59: 3. Technical, Polytechnic & ITI | D59: DGT | E59: regulatory | F59: Mandatory | G59: DGT-002 | H59: DGT ITI grading guidelines (register snapshot) | I59: Register page | M59: Not verified | O59: ITIs | Q59: https://dgt.gov.in/en/guidelines-grading | R59: https://dgt.gov.in/en/guidelines-grading | S59: Yes | T59: Downloaded | U59: https://drive.google.com/drive/folders/1VEwxP1Wjc7q6hdG0iZ3h4uMgjrmBpXTY?usp=drive_link | V59: 58 | X59: 96af2903fe290af24b62d6408b6b5d6fdfd776f740bac41ff6261a09397ea0a8 | Y59: No | Z59: 12 | AA59: document_index | AD59: Snapshot from manager v0.1 pack. | AF59: =IF($H59="","",IF($T59="To find","Not started",IF(($C59="")+($D59="")+($E59="")+($G59="")+($I59="")+($M59="")+($O59="")+($S59="")>0,"Missing basic details",IF(AND($T59="Downloaded",($R59="")+($U59="")+($V59="")+(($W59="")*(RIGHT(LOWER($U59),4)=".pdf"))>0),"Add file details",IF(AND($T59="Downloaded",LEN($X59)<>64),"Check SHA-256",IF(AND($Q59="",$R59=""),"Add a URL",IF($S59="No","Not official - replace",IF($M59="Not verified","Verify status","OK")))))))) | AG59: Needs fix | AH59: Auto-QA 12-Oct-2026 | AI59: 1) Drive link is a FOLDER - link the exact file (drive.google.com/file/d/...). | 2) Downloaded but missing: Version / Edition, Issued On. | 3) Set Current Status from the document (Current / Superseded ...).
A60: S-056 | B60: Intern B | C60: 3. Technical, Polytechnic & ITI | D60: DGT | E60: regulatory | F60: Mandatory | G60: DGT-003 | H60: DGT trade-wise norms and syllabi | I60: Framework | M60: Not verified | O60: ITIs | Q60: https://dgt.gov.in/ | R60: https://dgt.gov.in/sites/default/files/2024-01/IT_CTS2.0_NSQF-4.pdf | S60: Yes | T60: Downloaded | U60: https://drive.google.com/drive/folders/1VEwxP1Wjc7q6hdG0iZ3h4uMgjrmBpXTY?usp=drive_link | Y60: No | Z60: 3 | AA60: document_index | AD60: One row per trade group, not every trade. | AE60: https://dgt.gov.in/ | AF60: =IF($H60="","",IF($T60="To find","Not started",IF(($C60="")+($D60="")+($E60="")+($G60="")+($I60="")+($M60="")+($O60="")+($S60="")>0,"Missing basic details",IF(AND($T60="Downloaded",($R60="")+($U60="")+($V60="")+(($W60="")*(RIGHT(LOWER($U60),4)=".pdf"))>0),"Add file details",IF(AND($T60="Downloaded",LEN($X60)<>64),"Check SHA-256",IF(AND($Q60="",$R60=""),"Add a URL",IF($S60="No","Not official - replace",IF($M60="Not verified","Verify status","OK")))))))) | AG60: Needs fix | AH60: Auto-QA 12-Oct-2026 | AI60: 1) Drive link is a FOLDER - link the exact file (drive.google.com/file/d/...). | 2) Downloaded but missing: File Size (KB), SHA-256 Checksum, Version / Edition, Issued On. | 3) Set Current Status from the document (Current / Superseded ...).
A61: S-057 | B61: Intern B | C61: 3. Technical, Polytechnic & ITI | D61: DGT | E61: regulatory | F61: Mandatory | G61: DGT-004 | H61: DGT inspection requirements, affiliation notices and portal instructions | I61: Notification / Circular | M61: Not verified | O61: ITIs | Q61: https://ncvtmis.gov.in/ | R61: https://www.dgt.gov.in/sites/default/files/2025-12/Circular-for-Affiliation-Norms-for-ITIs-2025.pdf | S61: Yes | T61: Downloaded | U61: https://drive.google.com/drive/folders/1VEwxP1Wjc7q6hdG0iZ3h4uMgjrmBpXTY?usp=drive_link | Y61: No | Z61: 1 | AA61: document_index | AE61: https://dgt.gov.in/ | AF61: =IF($H61="","",IF($T61="To find","Not started",IF(($C61="")+($D61="")+($E61="")+($G61="")+($I61="")+($M61="")+($O61="")+($S61="")>0,"Missing basic details",IF(AND($T61="Downloaded",($R61="")+($U61="")+($V61="")+(($W61="")*(RIGHT(LOWER($U61),4)=".pdf"))>0),"Add file details",IF(AND($T61="Downloaded",LEN($X61)<>64),"Check SHA-256",IF(AND($Q61="",$R61=""),"Add a URL",IF($S61="No","Not official - replace",IF($M61="Not verified","Verify status","OK")))))))) | AG61: Needs fix | AH61: Auto-QA 12-Oct-2026 | AI61: 1) Drive link is a FOLDER - link the exact file (drive.google.com/file/d/...). | 2) Downloaded but missing: File Size (KB), SHA-256 Checksum, Version / Edition, Issued On. | 3) Set Current Status from the document (Current / Superseded ...).
A62: S-058 | B62: Intern B | C62: 3. Technical, Polytechnic & ITI | D62: NCVET | E62: regulatory | F62: Mandatory | G62: NCVET-001 | H62: NCVET regulations and guidelines (awarding bodies, assessment, certification) | I62: Regulation | M62: Not verified | O62: ITI / skills institutions | Q62: https://ncvet.gov.in/wp-content/uploads/2025/07/Guidelines-for-Recognition-and-Regulation-of-AAs-2025.pdf | R62: https://ncvet.gov.in/wp-content/uploads/2023/07/National-Skills-Qualification-Framework-notification-June-2023.pdf.. | S62: Yes | T62: Downloaded | U62: https://drive.google.com/drive/folders/12HBkMz14W3yPBq90ruXu2XekeaKSYeQc?usp=drive_link | Y62: No | Z62: 3 | AA62: web_page | AE62: https://ncvet.gov.in/ | AF62: =IF($H62="","",IF($T62="To find","Not started",IF(($C62="")+($D62="")+($E62="")+($G62="")+($I62="")+($M62="")+($O62="")+($S62="")>0,"Missing basic details",IF(AND($T62="Downloaded",($R62="")+($U62="")+($V62="")+(($W62="")*(RIGHT(LOWER($U62),4)=".pdf"))>0),"Add file details",IF(AND($T62="Downloaded",LEN($X62)<>64),"Check SHA-256",IF(AND($Q62="",$R62=""),"Add a URL",IF($S62="No","Not official - replace",IF($M62="Not verified","Verify status","OK")))))))) | AG62: Needs fix | AH62: Auto-QA 12-Oct-2026 | AI62: 1) Drive link is a FOLDER - link the exact file (drive.google.com/file/d/...). | 2) Downloaded but missing: File Size (KB), SHA-256 Checksum, Version / Edition, Issued On. | 3) Set Current Status from the document (Current / Superseded ...).
A63: S-059 | B63: Intern B | C63: 3. Technical, Polytechnic & ITI | D63: NCVET | E63: regulatory | F63: Authoritative quality framework | G63: NCVET-002 | H63: National Skills Qualification Framework (NSQF) notification and qualification files | I63: Framework | M63: Not verified | Q63: ncvet.gov.in | R63: https://ncvet.gov.in/wp-content/uploads/2023/07/National-Skills-Qualification-Framework-notification-June-2023.pdf. | S63: Yes | T63: Downloaded | U63: https://drive.google.com/drive/folders/12HBkMz14W3yPBq90ruXu2XekeaKSYeQc?usp=drive_link | Y63: No | Z63: 12 | AA63: web_page | AE63: https://ncvet.gov.in/ | AF63: =IF($H63="","",IF($T63="To find","Not started",IF(($C63="")+($D63="")+($E63="")+($G63="")+($I63="")+($M63="")+($O63="")+($S63="")>0,"Missing basic details",IF(AND($T63="Downloaded",($R63="")+($U63="")+($V63="")+(($W63="")*(RIGHT(LOWER($U63),4)=".pdf"))>0),"Add file details",IF(AND($T63="Downloaded",LEN($X63)<>64),"Check SHA-256",IF(AND($Q63="",$R63=""),"Add a URL",IF($S63="No","Not official - replace",IF($M63="Not verified","Verify status","OK")))))))) | AG63: Needs fix | AH63: Auto-QA 12-Oct-2026 | AI63: 1) Drive link is a FOLDER - link the exact file (drive.google.com/file/d/...). | 2) Downloaded but missing: File Size (KB), SHA-256 Checksum, Version / Edition, Issued On. | 3) Set Current Status from the document (Current / Superseded ...). | 4) Fill "Applies To".
A64: S-060 | B64: Intern B | C64: 3. Technical, Polytechnic & ITI | D64: Ministry of Education | E64: government_policy | F64: Authoritative quality framework | G64: NCrF-001 | H64: National Credit Framework (NCrF) | I64: Framework | M64: Not verified | O64: Education and skills institutions | Q64: https://dsel.education.gov.in/hi/node/2174 | R64: https://www.ugc.gov.in/pdfnews/9028476_Report-of-National-Credit-Framework.pdf | S64: Yes | T64: Downloaded | U64: https://drive.google.com/file/d/1PxkJpe9Pr4He2rjHhPyBCGinMubnAkZu/view?usp=drive_link | Y64: No | Z64: 12 | AA64: web_page | AD64: v0.1 auto-download failed (404 - old link moved). Open the official site in a browser and download manually. | AE64: https://www.education.gov.in/ | AF64: =IF($H64="","",IF($T64="To find","Not started",IF(($C64="")+($D64="")+($E64="")+($G64="")+($I64="")+($M64="")+($O64="")+($S64="")>0,"Missing basic details",IF(AND($T64="Downloaded",($R64="")+($U64="")+($V64="")+(($W64="")*(RIGHT(LOWER($U64),4)=".pdf"))>0),"Add file details",IF(AND($T64="Downloaded",LEN($X64)<>64),"Check SHA-256",IF(AND($Q64="",$R64=""),"Add a URL",IF($S64="No","Not official - replace",IF($M64="Not verified","Verify status","OK")))))))) | AG64: Needs fix | AH64: Auto-QA 12-Oct-2026 | AI64: 1) Downloaded but missing: File Size (KB), SHA-256 Checksum, Version / Edition, Issued On, Pages. | 2) Set Current Status from the document (Current / Superseded ...).
A65: S-061 | B65: Intern B | C65: 3. Technical, Polytechnic & ITI | D65: Academic Bank of Credits | E65: regulatory | F65: Mandatory | G65: NAD-001 | H65: Academic Bank of Credits regulations and guidance | I65: Regulation | M65: Not verified | O65: Eligible HEIs | Q65: https://www.ugc.gov.in/pdfnews/9327451_Academic-Bank-of-Credicts-in-Higher-Education.pdf | R65: https://www.ugc.ac.in/pdfnews/1767992_Notice-Academic-Bank-of-Credits.pdf. | S65: Yes | T65: Downloaded | U65: https://drive.google.com/drive/folders/1nqxPG1mthj13ImYXo-i-pIt2mTNq4EKv?usp=drive_link | Y65: No | Z65: 3 | AA65: web_page | AE65: https://www.abc.gov.in/ | AF65: =IF($H65="","",IF($T65="To find","Not started",IF(($C65="")+($D65="")+($E65="")+($G65="")+($I65="")+($M65="")+($O65="")+($S65="")>0,"Missing basic details",IF(AND($T65="Downloaded",($R65="")+($U65="")+($V65="")+(($W65="")*(RIGHT(LOWER($U65),4)=".pdf"))>0),"Add file details",IF(AND($T65="Downloaded",LEN($X65)<>64),"Check SHA-256",IF(AND($Q65="",$R65=""),"Add a URL",IF($S65="No","Not official - replace",IF($M65="Not verified","Verify status","OK")))))))) | AG65: Needs fix | AH65: Auto-QA 12-Oct-2026 | AI65: 1) Drive link is a FOLDER - link the exact file (drive.google.com/file/d/...). | 2) Downloaded but missing: File Size (KB), SHA-256 Checksum, Version / Edition, Issued On. | 3) Set Current Status from the document (Current / Superseded ...).
A66: S-062 | B66: Intern B | C66: 3. Technical, Polytechnic & ITI | D66: Other (write in notes) | E66: government_policy | F66: Good-practice standard | G66: APP-001 | H66: Apprenticeship guidance (NAPS / NATS) | I66: Guideline | M66: Not verified | Q66: https://www.msde.gov.in/static/uploads/2024/04/Guidelines-for-NAPS.pdf | R66: https://naps-cdn.s3.ap-south-1.amazonaws.com/NAPS+2.0_Guidelines_25-08-2023.pdf | S66: Yes | T66: Downloaded | U66: https://drive.google.com/drive/folders/1nqxPG1mthj13ImYXo-i-pIt2mTNq4EKv?usp=drive_link | Y66: No | Z66: 12 | AA66: web_page | AD66: Identify the official scheme portals. | AF66: =IF($H66="","",IF($T66="To find","Not started",IF(($C66="")+($D66="")+($E66="")+($G66="")+($I66="")+($M66="")+($O66="")+($S66="")>0,"Missing basic details",IF(AND($T66="Downloaded",($R66="")+($U66="")+($V66="")+(($W66="")*(RIGHT(LOWER($U66),4)=".pdf"))>0),"Add file details",IF(AND($T66="Downloaded",LEN($X66)<>64),"Check SHA-256",IF(AND($Q66="",$R66=""),"Add a URL",IF($S66="No","Not official - replace",IF($M66="Not verified","Verify status","OK")))))))) | AG66: Needs fix | AH66: Auto-QA 12-Oct-2026 | AI66: 1) Direct Document URL is on naps-cdn.s3.ap-south-1.amazonaws.com, not the official site - replace with the authority's own link (copies on college or third-party sites are not accepted). | 2) Drive link is a FOLDER - link the exact file (drive.google.com/file/d/...). | 3) Downloaded but missing: File Size (KB), SHA-256 Checksum, Version / Edition, Issued On. | 4) Set Current Status from the document (Current / Superseded ...). | 5) Fill "Applies To".
A67: S-063 | B67: Intern B | C67: 5. Data, Technology & Cybersecurity | D67: MeitY | E67: regulatory | F67: Mandatory | G67: DATA-001 | H67: The Digital Personal Data Protection Act, 2023 (No. 22 of 2023) | I67: Act / Law | J67: Act No. 22 of 2023 | K67: 45149 | M67: Current | O67: Any institution processing digital personal data | Q67: https://indiacode.gov.in/pdf-viewer/fcd3b406-8eae-4130-950f-b94cfb11d2d0/b0c7c48e-e7c4-41b6-909a-f1b03048bcc5 | R67: https://indiacode.gov.in/server/api/core/bitstreams/b0c7c48e-e7c4-41b6-909a-f1b03048bcc5/content | S67: Yes | T67: Downloaded | U67: https://drive.google.com/file/d/1ZUkFMo0SfO9_RIf5LXE56N34JC2Fzkfk/view?usp=drive_link | V67: 178 | W67: 21 | X67: 4deb23981d3010c8225a2ff6149e7243dc2268455b299e283afebdd7b72a7d15 | Y67: No | Z67: 1 | AA67: web_page | AC67: 46296 | AD67: EXAMPLE ROW. Act dated 11 Aug 2023 (page 1). Commences in phases by notification, so Effective From is left blank and explained here - see DATA-002. | AF67: =IF($H67="","",IF($T67="To find","Not started",IF(($C67="")+($D67="")+($E67="")+($G67="")+($I67="")+($M67="")+($O67="")+($S67="")>0,"Missing basic details",IF(AND($T67="Downloaded",($R67="")+($U67="")+($V67="")+(($W67="")*(RIGHT(LOWER($U67),4)=".pdf"))>0),"Add file details",IF(AND($T67="Downloaded",LEN($X67)<>64),"Check SHA-256",IF(AND($Q67="",$R67=""),"Add a URL",IF($S67="No","Not official - replace",IF($M67="Not verified","Verify status","OK")))))))) | AG67: Verified | AH67: Example
A68: S-064 | B68: Intern B | C68: 5. Data, Technology & Cybersecurity | D68: MeitY | E68: regulatory | F68: Mandatory | G68: DATA-002 | H68: Digital Personal Data Protection Rules, 2025 | I68: Rules | M68: Not verified | O68: Any institution processing digital personal data | Q68: https://www.meity.gov.in/documents/act-and-policies/digital-personal-data-protection-rules-2025-gDOxUjMtQWa?pageTitle=Digital-Personal-Data-Protection-Rules-2025 | R68: https://www.meity.gov.in/static/uploads/2025/11/53450e6e5dc0bfa85ebd78686cadad39.pdf | S68: Yes | T68: Downloaded | U68: https://drive.google.com/file/d/18GdmjQVBQMcfnLYsdOaFAyd4XZann990/view?usp=drive_link | V68: 2435 | W68: 41 | X68: eabc7d05e013144615d78ddc0e8b9c9aac1920e814f4fad38ce6560951f5aa08 | Y68: No | Z68: 1 | AA68: web_page | AD68: From manager v0.1 pack. Record the phased commencement dates in notes. | AF68: =IF($H68="","",IF($T68="To find","Not started",IF(($C68="")+($D68="")+($E68="")+($G68="")+($I68="")+($M68="")+($O68="")+($S68="")>0,"Missing basic details",IF(AND($T68="Downloaded",($R68="")+($U68="")+($V68="")+(($W68="")*(RIGHT(LOWER($U68),4)=".pdf"))>0),"Add file details",IF(AND($T68="Downloaded",LEN($X68)<>64),"Check SHA-256",IF(AND($Q68="",$R68=""),"Add a URL",IF($S68="No","Not official - replace",IF($M68="Not verified","Verify status","OK")))))))) | AG68: Needs fix | AH68: Auto-QA 12-Oct-2026 | AI68: 1) Downloaded but missing: Version / Edition, Issued On. | 2) Set Current Status from the document (Current / Superseded ...).
A69: S-065 | B69: Intern B | C69: 5. Data, Technology & Cybersecurity | D69: CERT-In | E69: regulatory | F69: Mandatory | G69: CYBER-001 | H69: CERT-In Directions under section 70B (28.04.2022) | I69: Direction | M69: Not verified | O69: Covered entities | Q69: https://www.cert-in.org.in/Directions70B.jsp | R69: https://www.cert-in.org.in/PDF/CERT-In_Directions_70B_28.04.2022.pdf | S69: Yes | T69: Downloaded | U69: https://drive.google.com/file/d/1bs-UisINM2JedRwQC2dOKYB0i6-YG-o0/view?usp=drive_link | V69: 425 | W69: 8 | X69: 202c2f3953d792dcfb3ecb3634fc82ab75437ee596de89b8d59a211e8e42431f | Y69: No | Z69: 1 | AA69: web_page | AD69: From manager v0.1 pack. Also look for the official FAQs on these directions (separate row). | AF69: =IF($H69="","",IF($T69="To find","Not started",IF(($C69="")+($D69="")+($E69="")+($G69="")+($I69="")+($M69="")+($O69="")+($S69="")>0,"Missing basic details",IF(AND($T69="Downloaded",($R69="")+($U69="")+($V69="")+(($W69="")*(RIGHT(LOWER($U69),4)=".pdf"))>0),"Add file details",IF(AND($T69="Downloaded",LEN($X69)<>64),"Check SHA-256",IF(AND($Q69="",$R69=""),"Add a URL",IF($S69="No","Not official - replace",IF($M69="Not verified","Verify status","OK")))))))) | AG69: Needs fix | AH69: Auto-QA 12-Oct-2026 | AI69: 1) Downloaded but missing: Version / Edition, Issued On. | 2) Set Current Status from the document (Current / Superseded ...).
A70: S-066 | B70: Intern B | C70: 5. Data, Technology & Cybersecurity | D70: CERT-In | E70: regulatory | F70: Good-practice standard | G70: CYBER-002 | H70: CERT-In cybersecurity advisories and AI / API security guidance | I70: Guideline | M70: Not verified | T70: Downloaded | U70: https://drive.google.com/drive/folders/1ao8GOFB3Ut-eWjgK-QtW9vSMehgahohw?usp=drive_link | Y70: No | Z70: 1 | AA70: web_page | AD70: Intelligence feed: one row for the advisories page, plus rows only for guidance documents. | AE70: https://www.cert-in.org.in/ | AF70: =IF($H70="","",IF($T70="To find","Not started",IF(($C70="")+($D70="")+($E70="")+($G70="")+($I70="")+($M70="")+($O70="")+($S70="")>0,"Missing basic details",IF(AND($T70="Downloaded",($R70="")+($U70="")+($V70="")+(($W70="")*(RIGHT(LOWER($U70),4)=".pdf"))>0),"Add file details",IF(AND($T70="Downloaded",LEN($X70)<>64),"Check SHA-256",IF(AND($Q70="",$R70=""),"Add a URL",IF($S70="No","Not official - replace",IF($M70="Not verified","Verify status","OK")))))))) | AG70: Needs fix | AH70: Auto-QA 12-Oct-2026 | AI70: 1) Drive link is a FOLDER - link the exact file (drive.google.com/file/d/...). | 2) Downloaded but missing: Direct Document URL, File Size (KB), SHA-256 Checksum, Version / Edition, Issued On. | 3) Set Current Status from the document (Current / Superseded ...). | 4) Fill "Applies To".
A71: S-067 | B71: Intern B | C71: 5. Data, Technology & Cybersecurity | D71: Parliament of India | E71: regulatory | F71: Mandatory | G71: LAW-003 | H71: Information Technology Act, 2000 (as amended) | I71: Act / Law | M71: Not verified | Q71: https://www.indiacode.nic.in/handle/123456789/13683. | R71: https://www.indiacode.nic.in/handle/123456789/13683. | S71: Yes | T71: Downloaded | U71: https://drive.google.com/drive/folders/1qh0Smf7rTkLe1WIp34b_p4HbCqyUCgir?usp=drive_link | Y71: No | Z71: 12 | AA71: web_page | AD71: Use the official India Code (indiacode.nic.in) copy only. | AF71: =IF($H71="","",IF($T71="To find","Not started",IF(($C71="")+($D71="")+($E71="")+($G71="")+($I71="")+($M71="")+($O71="")+($S71="")>0,"Missing basic details",IF(AND($T71="Downloaded",($R71="")+($U71="")+($V71="")+(($W71="")*(RIGHT(LOWER($U71),4)=".pdf"))>0),"Add file details",IF(AND($T71="Downloaded",LEN($X71)<>64),"Check SHA-256",IF(AND($Q71="",$R71=""),"Add a URL",IF($S71="No","Not official - replace",IF($M71="Not verified","Verify status","OK")))))))) | AG71: Needs fix | AH71: Auto-QA 12-Oct-2026 | AI71: 1) Drive link is a FOLDER - link the exact file (drive.google.com/file/d/...). | 2) Downloaded but missing: File Size (KB), SHA-256 Checksum, Version / Edition, Issued On. | 3) Set Current Status from the document (Current / Superseded ...). | 4) Fill "Applies To".
A72: S-068 | B72: Intern B | C72: 5. Data, Technology & Cybersecurity | D72: MeitY | E72: government_policy | F72: Good-practice standard | G72: DIG-001 | H72: Government digital-governance, cloud, identity, records and interoperability guidance | I72: Guideline | M72: Not verified | Q72: https://www.meity.gov.in/static/uploads/2024/03/Policy-Document.pdf | R72: https://www.meity.gov.in/static/uploads/2024/03/Policy-Document.pdf | S72: Yes | T72: Downloaded | U72: https://drive.google.com/drive/folders/13b7YJ0039A9yb3grKv4IQaGO0n0J5jC7?usp=drive_link | Y72: No | Z72: 12 | AA72: web_page | AD72: Research task: one row per official document. | AE72: https://www.meity.gov.in/ | AF72: =IF($H72="","",IF($T72="To find","Not started",IF(($C72="")+($D72="")+($E72="")+($G72="")+($I72="")+($M72="")+($O72="")+($S72="")>0,"Missing basic details",IF(AND($T72="Downloaded",($R72="")+($U72="")+($V72="")+(($W72="")*(RIGHT(LOWER($U72),4)=".pdf"))>0),"Add file details",IF(AND($T72="Downloaded",LEN($X72)<>64),"Check SHA-256",IF(AND($Q72="",$R72=""),"Add a URL",IF($S72="No","Not official - replace",IF($M72="Not verified","Verify status","OK")))))))) | AG72: Needs fix | AH72: Auto-QA 12-Oct-2026 | AI72: 1) Drive link is a FOLDER - link the exact file (drive.google.com/file/d/...). | 2) Downloaded but missing: File Size (KB), SHA-256 Checksum, Version / Edition, Issued On. | 3) Set Current Status from the document (Current / Superseded ...). | 4) Fill "Applies To".
A73: S-069 | B73: Intern B | C73: 6. AI Readiness & Responsible AI | D73: UNESCO | E73: standards_body | F73: Good-practice standard | G73: AI-001 | H73: UNESCO Guidance for Generative AI in Education and Research | I73: Guideline | M73: Not verified | O73: Education institutions | Q73: https://www.unesco.org/en/articles/unesco-governments-must-quickly-regulate-generative-ai-schools?hub=701 | R73: https://www.unesco.org/en/articles/unesco-governments-must-quickly-regulate-generative-ai-schools?hub=701 | S73: Yes | T73: Downloaded | U73: https://drive.google.com/file/d/1UXCEPezfN0_1EjxTwopvq_GbRaflXXX6/view?usp=drive_link | Y73: No | Z73: 3 | AA73: web_page | AD73: v0.1 auto-download failed (403 - site blocks scripts). Open the official site in a browser and download manually. | AE73: https://www.unesco.org/en/digital-education/g77-competencies | AF73: =IF($H73="","",IF($T73="To find","Not started",IF(($C73="")+($D73="")+($E73="")+($G73="")+($I73="")+($M73="")+($O73="")+($S73="")>0,"Missing basic details",IF(AND($T73="Downloaded",($R73="")+($U73="")+($V73="")+(($W73="")*(RIGHT(LOWER($U73),4)=".pdf"))>0),"Add file details",IF(AND($T73="Downloaded",LEN($X73)<>64),"Check SHA-256",IF(AND($Q73="",$R73=""),"Add a URL",IF($S73="No","Not official - replace",IF($M73="Not verified","Verify status","OK")))))))) | AG73: Needs fix | AH73: Auto-QA 12-Oct-2026 | AI73: 1) Downloaded but missing: File Size (KB), SHA-256 Checksum, Version / Edition, Issued On, Pages. | 2) Set Current Status from the document (Current / Superseded ...).
A74: S-070 | B74: Intern B | C74: 6. AI Readiness & Responsible AI | D74: UNESCO | E74: standards_body | F74: Good-practice standard | G74: AI-002 | H74: UNESCO AI Competency Framework for Teachers | I74: Framework | M74: Not verified | O74: Faculty and educators | Q74: https://unesdoc.unesco.org/ark:/48223/pf0000391104 | R74: https://unesdoc.unesco.org/ark:/48223/pf0000391104 | S74: Yes | T74: Downloaded | U74: https://drive.google.com/file/d/1sGxwuRbsY0ht_Wq1_5dY7qOpv5jLKONR/view?usp=drive_link | Y74: No | Z74: 3 | AA74: web_page | AD74: v0.1 auto-download failed (403 - site blocks scripts). Open the official site in a browser and download manually. | AE74: https://www.unesco.org/en/articles/ai-competency-framework-teachers?hub=365 | AF74: =IF($H74="","",IF($T74="To find","Not started",IF(($C74="")+($D74="")+($E74="")+($G74="")+($I74="")+($M74="")+($O74="")+($S74="")>0,"Missing basic details",IF(AND($T74="Downloaded",($R74="")+($U74="")+($V74="")+(($W74="")*(RIGHT(LOWER($U74),4)=".pdf"))>0),"Add file details",IF(AND($T74="Downloaded",LEN($X74)<>64),"Check SHA-256",IF(AND($Q74="",$R74=""),"Add a URL",IF($S74="No","Not official - replace",IF($M74="Not verified","Verify status","OK")))))))) | AG74: Needs fix | AH74: Auto-QA 12-Oct-2026 | AI74: 1) Downloaded but missing: File Size (KB), SHA-256 Checksum, Version / Edition, Issued On, Pages. | 2) Set Current Status from the document (Current / Superseded ...).
A75: S-071 | B75: Intern B | C75: 6. AI Readiness & Responsible AI | D75: UNESCO | E75: standards_body | F75: Good-practice standard | G75: AI-003 | H75: UNESCO AI Competency Framework for Students | I75: Framework | M75: Not verified | O75: Students | Q75: https://unesdoc.unesco.org/ark:/48223/pf0000391105 | R75: https://unesdoc.unesco.org/ark:/48223/pf0000391105 | S75: Yes | T75: Downloaded | U75: https://drive.google.com/file/d/1YKkWoDnY4x_9HR2i8sgzWT7llKABwz7_/view?usp=drive_link | Y75: No | Z75: 3 | AA75: web_page | AD75: v0.1 auto-download failed (403 - site blocks scripts). Open the official site in a browser and download manually. | AE75: https://www.unesco.org/en/digital-education/g77-competencies | AF75: =IF($H75="","",IF($T75="To find","Not started",IF(($C75="")+($D75="")+($E75="")+($G75="")+($I75="")+($M75="")+($O75="")+($S75="")>0,"Missing basic details",IF(AND($T75="Downloaded",($R75="")+($U75="")+($V75="")+(($W75="")*(RIGHT(LOWER($U75),4)=".pdf"))>0),"Add file details",IF(AND($T75="Downloaded",LEN($X75)<>64),"Check SHA-256",IF(AND($Q75="",$R75=""),"Add a URL",IF($S75="No","Not official - replace",IF($M75="Not verified","Verify status","OK")))))))) | AG75: Needs fix | AH75: Auto-QA 12-Oct-2026 | AI75: 1) Downloaded but missing: File Size (KB), SHA-256 Checksum, Version / Edition, Issued On, Pages. | 2) Set Current Status from the document (Current / Superseded ...).
A76: S-072 | B76: Intern B | C76: 6. AI Readiness & Responsible AI | D76: NIST | E76: standards_body | F76: Good-practice standard | G76: AI-004 | H76: NIST AI Risk Management Framework 1.0 (NIST AI 100-1) | I76: Framework | M76: Not verified | O76: Institutions using AI | Q76: https://www.nist.gov/itl/ai-risk-management-framework/ai-risk-management-framework-resources | R76: https://nvlpubs.nist.gov/nistpubs/ai/NIST.AI.100-1.pdf | S76: Yes | T76: Downloaded | U76: https://drive.google.com/file/d/1ubl6F4JGtiJti2tHyVAuilwjmfA9DwWe/view?usp=drive_link | V76: 1901 | W76: 48 | X76: 7576edb531d9848825814ee88e28b1795d3a84b435b4b797d3670eafdc4a89f1 | Y76: No | Z76: 3 | AA76: web_page | AD76: From manager v0.1 pack. Verify dates from the PDF. | AF76: =IF($H76="","",IF($T76="To find","Not started",IF(($C76="")+($D76="")+($E76="")+($G76="")+($I76="")+($M76="")+($O76="")+($S76="")>0,"Missing basic details",IF(AND($T76="Downloaded",($R76="")+($U76="")+($V76="")+(($W76="")*(RIGHT(LOWER($U76),4)=".pdf"))>0),"Add file details",IF(AND($T76="Downloaded",LEN($X76)<>64),"Check SHA-256",IF(AND($Q76="",$R76=""),"Add a URL",IF($S76="No","Not official - replace",IF($M76="Not verified","Verify status","OK")))))))) | AG76: Needs fix | AH76: Auto-QA 12-Oct-2026 | AI76: 1) Downloaded but missing: Version / Edition, Issued On. | 2) Set Current Status from the document (Current / Superseded ...).
A77: S-073 | B77: Intern B | C77: 6. AI Readiness & Responsible AI | D77: NIST | E77: standards_body | F77: Good-practice standard | G77: AI-004B | H77: NIST Generative AI Profile (NIST AI 600-1) | I77: Framework | M77: Not verified | O77: Institutions using generative AI | Q77: https://www.nist.gov/itl/ai-risk-management-framework/ai-risk-management-framework-resources | R77: https://nvlpubs.nist.gov/nistpubs/ai/NIST.AI.600-1.pdf | S77: Yes | T77: Downloaded | U77: https://drive.google.com/file/d/1ubl6F4JGtiJti2tHyVAuilwjmfA9DwWe/view?usp=drive_link | V77: 1147 | W77: 64 | X77: 6e73620ab6b64e90ef2c04bf0e0d6246185a2f4b1b13cab0df494496cff89b6a | Y77: No | Z77: 3 | AA77: web_page | AD77: From manager v0.1 pack. Verify dates from the PDF. | AF77: =IF($H77="","",IF($T77="To find","Not started",IF(($C77="")+($D77="")+($E77="")+($G77="")+($I77="")+($M77="")+($O77="")+($S77="")>0,"Missing basic details",IF(AND($T77="Downloaded",($R77="")+($U77="")+($V77="")+(($W77="")*(RIGHT(LOWER($U77),4)=".pdf"))>0),"Add file details",IF(AND($T77="Downloaded",LEN($X77)<>64),"Check SHA-256",IF(AND($Q77="",$R77=""),"Add a URL",IF($S77="No","Not official - replace",IF($M77="Not verified","Verify status","OK")))))))) | AG77: Needs fix | AH77: Auto-QA 12-Oct-2026 | AI77: 1) Downloaded but missing: Version / Edition, Issued On. | 2) Set Current Status from the document (Current / Superseded ...).
A78: S-074 | B78: Intern B | C78: 6. AI Readiness & Responsible AI | D78: NIST | E78: standards_body | F78: Good-practice standard | G78: AI-007 | H78: NIST AI RMF Playbook | I78: Guideline | M78: Not verified | Q78: https://airc.nist.gov/airmf-resources/playbook// | R78: https://airc.nist.gov/airmf-resources/playbook/ | S78: Yes | T78: Downloaded | U78: https://drive.google.com/file/d/1R7l_Kq_yH--gkDDOqo0wPLRrb41ziTwh/view?usp=drive_link | Y78: No | Z78: 3 | AA78: web_page | AE78: https://www.nist.gov/itl/ai-risk-management-framework/ai-risk-management-framework-resources | AF78: =IF($H78="","",IF($T78="To find","Not started",IF(($C78="")+($D78="")+($E78="")+($G78="")+($I78="")+($M78="")+($O78="")+($S78="")>0,"Missing basic details",IF(AND($T78="Downloaded",($R78="")+($U78="")+($V78="")+(($W78="")*(RIGHT(LOWER($U78),4)=".pdf"))>0),"Add file details",IF(AND($T78="Downloaded",LEN($X78)<>64),"Check SHA-256",IF(AND($Q78="",$R78=""),"Add a URL",IF($S78="No","Not official - replace",IF($M78="Not verified","Verify status","OK")))))))) | AG78: Needs fix | AH78: Auto-QA 12-Oct-2026 | AI78: 1) Downloaded but missing: File Size (KB), SHA-256 Checksum, Version / Edition, Issued On, Pages. | 2) Set Current Status from the document (Current / Superseded ...). | 3) Fill "Applies To".
A79: S-075 | B79: Intern B | C79: 6. AI Readiness & Responsible AI | D79: ISO/IEC | E79: standards_body | F79: Good-practice standard | G79: AI-005 | H79: ISO/IEC 42001:2023 AI management system | I79: Standard | M79: Not verified | Q79: https://www.iso.org/artificial-intelligence/ai-management-systems | S79: Yes | T79: Licensed - link only | U79: https://drive.google.com/file/d/1TJWoDICER0I5XAMzrTX4yhSAQxxjQ2US/view?usp=drive_link | Y79: Yes | Z79: 12 | AA79: manual_upload | AD79: Licensed: record the official page and edition only. Do NOT download or copy the text. | AF79: =IF($H79="","",IF($T79="To find","Not started",IF(($C79="")+($D79="")+($E79="")+($G79="")+($I79="")+($M79="")+($O79="")+($S79="")>0,"Missing basic details",IF(AND($T79="Downloaded",($R79="")+($U79="")+($V79="")+(($W79="")*(RIGHT(LOWER($U79),4)=".pdf"))>0),"Add file details",IF(AND($T79="Downloaded",LEN($X79)<>64),"Check SHA-256",IF(AND($Q79="",$R79=""),"Add a URL",IF($S79="No","Not official - replace",IF($M79="Not verified","Verify status","OK")))))))) | AG79: Needs fix | AH79: Auto-QA 12-Oct-2026 | AI79: 1) LICENSED ISO/IEC standard: delete the Drive copy unless InGage holds a licence; keep only the official iso.org page + edition; set status "Licensed - link only". | 2) Fill "Applies To".
A80: S-076 | B80: Intern B | C80: 6. AI Readiness & Responsible AI | D80: ISO/IEC | E80: standards_body | F80: Good-practice standard | G80: AI-006 | H80: ISO/IEC 42005:2025 AI system impact assessment | I80: Standard | M80: Not verified | Q80: https://www.iso.org/publication/PUB200420.html | S80: Yes | T80: Licensed - link only | U80: https://drive.google.com/file/d/1XqYmAbwFnspv8QFFK4FGjmJK4j3Wjgdt/view?usp=drive_link | Y80: Yes | Z80: 12 | AA80: manual_upload | AD80: Licensed: record the official page and edition only. Do NOT download or copy the text. | AF80: =IF($H80="","",IF($T80="To find","Not started",IF(($C80="")+($D80="")+($E80="")+($G80="")+($I80="")+($M80="")+($O80="")+($S80="")>0,"Missing basic details",IF(AND($T80="Downloaded",($R80="")+($U80="")+($V80="")+(($W80="")*(RIGHT(LOWER($U80),4)=".pdf"))>0),"Add file details",IF(AND($T80="Downloaded",LEN($X80)<>64),"Check SHA-256",IF(AND($Q80="",$R80=""),"Add a URL",IF($S80="No","Not official - replace",IF($M80="Not verified","Verify status","OK")))))))) | AG80: Needs fix | AH80: Auto-QA 12-Oct-2026 | AI80: 1) LICENSED ISO/IEC standard: delete the Drive copy unless InGage holds a licence; keep only the official iso.org page + edition; set status "Licensed - link only". | 2) Fill "Applies To".
A81: S-077 | B81: Intern B | C81: 6. AI Readiness & Responsible AI | D81: ISO/IEC | E81: standards_body | F81: Good-practice standard | G81: ISO-001 | H81: ISO/IEC 23894 AI risk management | I81: Standard | M81: Not verified | S81: Yes | T81: Downloaded | U81: https://drive.google.com/file/d/1MfiP_J7v76XC9ueGUKRVzdWmbW8YlEIL/view?usp=drive_link | Y81: Yes | Z81: 12 | AA81: manual_upload | AD81: Licensed: official page and edition only. | AE81: https://www.iso.org/ | AF81: =IF($H81="","",IF($T81="To find","Not started",IF(($C81="")+($D81="")+($E81="")+($G81="")+($I81="")+($M81="")+($O81="")+($S81="")>0,"Missing basic details",IF(AND($T81="Downloaded",($R81="")+($U81="")+($V81="")+(($W81="")*(RIGHT(LOWER($U81),4)=".pdf"))>0),"Add file details",IF(AND($T81="Downloaded",LEN($X81)<>64),"Check SHA-256",IF(AND($Q81="",$R81=""),"Add a URL",IF($S81="No","Not official - replace",IF($M81="Not verified","Verify status","OK")))))))) | AG81: Needs fix | AH81: Auto-QA 12-Oct-2026 | AI81: 1) LICENSED ISO/IEC standard: delete the Drive copy unless InGage holds a licence; keep only the official iso.org page + edition; set status "Licensed - link only". | 2) Fill "Applies To".
A82: S-078 | B82: Intern B | C82: 6. AI Readiness & Responsible AI | D82: ISO/IEC | E82: standards_body | F82: Good-practice standard | G82: ISO-002 | H82: ISO/IEC 27001 information security management | I82: Standard | M82: Not verified | S82: Yes | T82: Downloaded | U82: https://drive.google.com/file/d/1z_jbTsc666Bpvsjpnqd1PCQe0TtWPw-l/view?usp=drive_link | Y82: Yes | Z82: 12 | AA82: manual_upload | AD82: Licensed: official page and edition only. | AE82: https://www.iso.org/ | AF82: =IF($H82="","",IF($T82="To find","Not started",IF(($C82="")+($D82="")+($E82="")+($G82="")+($I82="")+($M82="")+($O82="")+($S82="")>0,"Missing basic details",IF(AND($T82="Downloaded",($R82="")+($U82="")+($V82="")+(($W82="")*(RIGHT(LOWER($U82),4)=".pdf"))>0),"Add file details",IF(AND($T82="Downloaded",LEN($X82)<>64),"Check SHA-256",IF(AND($Q82="",$R82=""),"Add a URL",IF($S82="No","Not official - replace",IF($M82="Not verified","Verify status","OK")))))))) | AG82: Needs fix | AH82: Auto-QA 12-Oct-2026 | AI82: 1) LICENSED ISO/IEC standard: delete the Drive copy unless InGage holds a licence; keep only the official iso.org page + edition; set status "Licensed - link only". | 2) Fill "Applies To".
A83: S-079 | B83: Intern B | C83: 6. AI Readiness & Responsible AI | D83: ISO/IEC | E83: standards_body | F83: Good-practice standard | G83: ISO-003 | H83: ISO/IEC 27701 privacy information management | I83: Standard | M83: Not verified | S83: Yes | T83: Downloaded | U83: https://drive.google.com/file/d/1Sm-vlyeyk3gfuvp9s67JYArYekoL2TFl/view?usp=drive_link | Y83: Yes | Z83: 12 | AA83: manual_upload | AD83: Licensed: official page and edition only. | AE83: https://www.iso.org/ | AF83: =IF($H83="","",IF($T83="To find","Not started",IF(($C83="")+($D83="")+($E83="")+($G83="")+($I83="")+($M83="")+($O83="")+($S83="")>0,"Missing basic details",IF(AND($T83="Downloaded",($R83="")+($U83="")+($V83="")+(($W83="")*(RIGHT(LOWER($U83),4)=".pdf"))>0),"Add file details",IF(AND($T83="Downloaded",LEN($X83)<>64),"Check SHA-256",IF(AND($Q83="",$R83=""),"Add a URL",IF($S83="No","Not official - replace",IF($M83="Not verified","Verify status","OK")))))))) | AG83: Needs fix | AH83: Auto-QA 12-Oct-2026 | AI83: 1) LICENSED ISO/IEC standard: delete the Drive copy unless InGage holds a licence; keep only the official iso.org page + edition; set status "Licensed - link only". | 2) Fill "Applies To".
A84: S-080 | B84: Intern B | C84: 6. AI Readiness & Responsible AI | D84: ISO/IEC | E84: standards_body | F84: Good-practice standard | G84: ISO-004 | H84: ISO 22301 business continuity management | I84: Standard | M84: Not verified | S84: Yes | T84: Downloaded | U84: https://drive.google.com/file/d/16V9ZAZ9q1rQi9bJMztPkLraXcUz9ygrs/view?usp=drive_link | Y84: Yes | Z84: 12 | AA84: manual_upload | AD84: Licensed: official page and edition only. | AE84: https://www.iso.org/ | AF84: =IF($H84="","",IF($T84="To find","Not started",IF(($C84="")+($D84="")+($E84="")+($G84="")+($I84="")+($M84="")+($O84="")+($S84="")>0,"Missing basic details",IF(AND($T84="Downloaded",($R84="")+($U84="")+($V84="")+(($W84="")*(RIGHT(LOWER($U84),4)=".pdf"))>0),"Add file details",IF(AND($T84="Downloaded",LEN($X84)<>64),"Check SHA-256",IF(AND($Q84="",$R84=""),"Add a URL",IF($S84="No","Not official - replace",IF($M84="Not verified","Verify status","OK")))))))) | AG84: Needs fix | AH84: Auto-QA 12-Oct-2026 | AI84: 1) LICENSED ISO/IEC standard: delete the Drive copy unless InGage holds a licence; keep only the official iso.org page + edition; set status "Licensed - link only". | 2) Fill "Applies To".
A85: S-081 | B85: Intern B | C85: 6. AI Readiness & Responsible AI | D85: MeitY/IndiaAI | E85: government_policy | F85: Good-practice standard | G85: INDIAAI-001 | H85: IndiaAI / MeitY AI policy, governance and responsible-AI materials | I85: Policy | M85: Not verified | O85: Indian institutions | Q85: https://static.pib.gov.in/WriteReadData/specificdocs/documents/2025/nov/doc2025115685601.pdf | R85: https://static.pib.gov.in/WriteReadData/specificdocs/documents/2025/nov/doc2025115685601.pdf | S85: Yes | T85: Downloaded | U85: https://drive.google.com/file/d/1spGtRr33yzTFY3IWOLdkl9zjyHq0TY0W/view?usp=drive_link | Y85: No | Z85: 3 | AA85: web_page | AD85: One row per official document found. | AE85: https://www.meity.gov.in/ministry/our-groups/details/ai-emerging-technologies-division-QN5EDOtQWa | AF85: =IF($H85="","",IF($T85="To find","Not started",IF(($C85="")+($D85="")+($E85="")+($G85="")+($I85="")+($M85="")+($O85="")+($S85="")>0,"Missing basic details",IF(AND($T85="Downloaded",($R85="")+($U85="")+($V85="")+(($W85="")*(RIGHT(LOWER($U85),4)=".pdf"))>0),"Add file details",IF(AND($T85="Downloaded",LEN($X85)<>64),"Check SHA-256",IF(AND($Q85="",$R85=""),"Add a URL",IF($S85="No","Not official - replace",IF($M85="Not verified","Verify status","OK")))))))) | AG85: Needs fix | AH85: Auto-QA 12-Oct-2026 | AI85: 1) Downloaded but missing: File Size (KB), SHA-256 Checksum, Version / Edition, Issued On, Pages. | 2) Set Current Status from the document (Current / Superseded ...).
A86: S-082 | B86: Intern B | C86: 8. Sustainability & Future Technology | D86: NIRF | E86: ranking | F86: Authoritative quality framework | G86: NIRF-004 | H86: NIRF Sustainable Institution methodology | I86: Methodology | M86: Not verified | Q86: https://www.nirfindia.org/Home/Documents | R86: https://www.nirfindia.org/nirfpdfcdn/2025/pdf/Report/IR2025_Report.pdf | S86: Yes | T86: Downloaded | U86: https://drive.google.com/drive/folders/181nrl4suQzeNY7o_OTwpkqvrKSrrKbAw?usp=drive_link | Y86: No | Z86: 12 | AA86: document_index | AE86: https://www.nirfindia.org/Home/Documents | AF86: =IF($H86="","",IF($T86="To find","Not started",IF(($C86="")+($D86="")+($E86="")+($G86="")+($I86="")+($M86="")+($O86="")+($S86="")>0,"Missing basic details",IF(AND($T86="Downloaded",($R86="")+($U86="")+($V86="")+(($W86="")*(RIGHT(LOWER($U86),4)=".pdf"))>0),"Add file details",IF(AND($T86="Downloaded",LEN($X86)<>64),"Check SHA-256",IF(AND($Q86="",$R86=""),"Add a URL",IF($S86="No","Not official - replace",IF($M86="Not verified","Verify status","OK")))))))) | AG86: Needs fix | AH86: Auto-QA 12-Oct-2026 | AI86: 1) Drive link is a FOLDER - link the exact file (drive.google.com/file/d/...). | 2) Downloaded but missing: File Size (KB), SHA-256 Checksum, Version / Edition, Issued On. | 3) Set Current Status from the document (Current / Superseded ...). | 4) Fill "Applies To".
A87: S-083 | B87: Intern B | C87: 8. Sustainability & Future Technology | D87: Other (write in notes) | E87: government_policy | F87: Good-practice standard | G87: SUS-001 | H87: Green campus, energy, water, waste and green-computing guidance (official sources) | I87: Guideline | M87: Not verified | Q87: https://beeindia.gov.in/ | R87: https://beeindia.gov.in/WriteReadData/L45218/1734930710.pdf | S87: Yes | T87: Downloaded | U87: https://drive.google.com/file/d/1DxbgGtHG6Xd-S6SCC41GVahC2JITu2Yv/view?usp=drive_link | Y87: No | Z87: 12 | AA87: web_page | AD87: Research task: official government / regulator sources only. | AF87: =IF($H87="","",IF($T87="To find","Not started",IF(($C87="")+($D87="")+($E87="")+($G87="")+($I87="")+($M87="")+($O87="")+($S87="")>0,"Missing basic details",IF(AND($T87="Downloaded",($R87="")+($U87="")+($V87="")+(($W87="")*(RIGHT(LOWER($U87),4)=".pdf"))>0),"Add file details",IF(AND($T87="Downloaded",LEN($X87)<>64),"Check SHA-256",IF(AND($Q87="",$R87=""),"Add a URL",IF($S87="No","Not official - replace",IF($M87="Not verified","Verify status","OK")))))))) | AG87: Needs fix | AH87: Auto-QA 12-Oct-2026 | AI87: 1) Title is still the template placeholder - replace with the exact official title, one row per document (add rows for the others). | 2) Downloaded but missing: File Size (KB), SHA-256 Checksum, Version / Edition, Issued On, Pages. | 3) Set Current Status from the document (Current / Superseded ...). | 4) Fill "Applies To".
A88: S-084 | B88: Intern B | C88: 8. Sustainability & Future Technology | D88: DST | E88: government_policy | F88: Intelligence signal | G88: NQM-001 | H88: National Quantum Mission materials | I88: Policy | M88: Not verified | O88: Indian institutions | Q88: https://www.dst.gov.in/node/7836 | R88: https://www.dst.gov.in/node/7836 | S88: Yes | T88: Downloaded | U88: https://drive.google.com/drive/folders/1-60y-KXY6J6Rzjjf6PGWKb7L4DstYgbe?usp=drive_link | Y88: No | Z88: 12 | AA88: web_page | AE88: https://dst.gov.in/national-quantum-mission-nqm | AF88: =IF($H88="","",IF($T88="To find","Not started",IF(($C88="")+($D88="")+($E88="")+($G88="")+($I88="")+($M88="")+($O88="")+($S88="")>0,"Missing basic details",IF(AND($T88="Downloaded",($R88="")+($U88="")+($V88="")+(($W88="")*(RIGHT(LOWER($U88),4)=".pdf"))>0),"Add file details",IF(AND($T88="Downloaded",LEN($X88)<>64),"Check SHA-256",IF(AND($Q88="",$R88=""),"Add a URL",IF($S88="No","Not official - replace",IF($M88="Not verified","Verify status","OK")))))))) | AG88: Needs fix | AH88: Auto-QA 12-Oct-2026 | AI88: 1) Drive link is a FOLDER - link the exact file (drive.google.com/file/d/...). | 2) Downloaded but missing: File Size (KB), SHA-256 Checksum, Version / Edition, Issued On. | 3) Set Current Status from the document (Current / Superseded ...).
A89: S-085 | B89: Intern B | C89: 8. Sustainability & Future Technology | D89: W3C | E89: standards_body | F89: Good-practice standard | G89: TECH-001 | H89: W3C Web Content Accessibility Guidelines (WCAG) - current version | I89: Standard | M89: Not verified | Q89: https://www.w3.org/TR/WCAG22/ | R89: https://www.w3.org/TR/WCAG22/ | S89: Yes | T89: Downloaded | U89: https://drive.google.com/file/d/1h9_mZycTBPqt3Yh8mfEfcAuP-mScNSWI/view?usp=drive_link | Y89: No | Z89: 12 | AA89: web_page | AE89: https://www.w3.org/WAI/ | AF89: =IF($H89="","",IF($T89="To find","Not started",IF(($C89="")+($D89="")+($E89="")+($G89="")+($I89="")+($M89="")+($O89="")+($S89="")>0,"Missing basic details",IF(AND($T89="Downloaded",($R89="")+($U89="")+($V89="")+(($W89="")*(RIGHT(LOWER($U89),4)=".pdf"))>0),"Add file details",IF(AND($T89="Downloaded",LEN($X89)<>64),"Check SHA-256",IF(AND($Q89="",$R89=""),"Add a URL",IF($S89="No","Not official - replace",IF($M89="Not verified","Verify status","OK")))))))) | AG89: Needs fix | AH89: Auto-QA 12-Oct-2026 | AI89: 1) Downloaded but missing: File Size (KB), SHA-256 Checksum, Version / Edition, Issued On, Pages. | 2) Set Current Status from the document (Current / Superseded ...). | 3) Fill "Applies To".
A90: S-086 | B90: Intern B | C90: 8. Sustainability & Future Technology | D90: 1EdTech | E90: standards_body | F90: Good-practice standard | G90: TECH-002 | H90: Open Badges / digital-credential specification | I90: Standard | M90: Not verified | Q90: https://www.imsglobal.org/spec/ob/v3p0/ | R90: https://www.imsglobal.org/spec/ob/v3p0/ | S90: Yes | T90: Downloaded | U90: https://drive.google.com/file/d/1uLWpJnjEnr3UdNXkrN25jJReXkfocHE_/view?usp=drive_link | Y90: No | Z90: 12 | AA90: web_page | AE90: https://www.1edtech.org/ | AF90: =IF($H90="","",IF($T90="To find","Not started",IF(($C90="")+($D90="")+($E90="")+($G90="")+($I90="")+($M90="")+($O90="")+($S90="")>0,"Missing basic details",IF(AND($T90="Downloaded",($R90="")+($U90="")+($V90="")+(($W90="")*(RIGHT(LOWER($U90),4)=".pdf"))>0),"Add file details",IF(AND($T90="Downloaded",LEN($X90)<>64),"Check SHA-256",IF(AND($Q90="",$R90=""),"Add a URL",IF($S90="No","Not official - replace",IF($M90="Not verified","Verify status","OK")))))))) | AG90: Needs fix | AH90: Auto-QA 12-Oct-2026 | AI90: 1) Downloaded but missing: File Size (KB), SHA-256 Checksum, Version / Edition, Issued On, Pages. | 2) Set Current Status from the document (Current / Superseded ...). | 3) Fill "Applies To".
A91: S-087 | B91: Intern B | C91: 8. Sustainability & Future Technology | D91: 1EdTech | E91: standards_body | F91: Good-practice standard | G91: TECH-003 | H91: Learning Tools Interoperability (LTI) specification | I91: Standard | M91: Not verified | Q91: https://www.imsglobal.org/spec/lti/v1p3/ | R91: https://www.imsglobal.org/spec/lti/v1p3/ | S91: Yes | T91: Downloaded | U91: https://drive.google.com/file/d/16IaLyXz5imY4fKaap3oZPjYGsJGc4thp/view?usp=drive_link | Y91: No | Z91: 12 | AA91: web_page | AE91: https://www.1edtech.org/ | AF91: =IF($H91="","",IF($T91="To find","Not started",IF(($C91="")+($D91="")+($E91="")+($G91="")+($I91="")+($M91="")+($O91="")+($S91="")>0,"Missing basic details",IF(AND($T91="Downloaded",($R91="")+($U91="")+($V91="")+(($W91="")*(RIGHT(LOWER($U91),4)=".pdf"))>0),"Add file details",IF(AND($T91="Downloaded",LEN($X91)<>64),"Check SHA-256",IF(AND($Q91="",$R91=""),"Add a URL",IF($S91="No","Not official - replace",IF($M91="Not verified","Verify status","OK")))))))) | AG91: Needs fix | AH91: Auto-QA 12-Oct-2026 | AI91: 1) Downloaded but missing: File Size (KB), SHA-256 Checksum, Version / Edition, Issued On, Pages. | 2) Set Current Status from the document (Current / Superseded ...). | 3) Fill "Applies To".
A92: S-088 | B92: Intern B | C92: 8. Sustainability & Future Technology | D92: Khronos Group | E92: standards_body | F92: Good-practice standard | G92: TECH-004 | H92: OpenXR specification | I92: Standard | M92: Not verified | Q92: https://www.khronos.org/search/?cx=017055583490642512057%3A_ak1bpok_no&cof=FORID%3A9&q=OpenXR+specification#gsc.tab=0&gsc.q=OpenXR%20specification&gsc.page=1 | R92: https://registry.khronos.org/OpenXR/specs/1.1/html/xrspec.html | S92: Yes | T92: Downloaded | U92: https://drive.google.com/file/d/1nEubkFeLM-z94SwhgM_m1yh67kQFWnME/view?usp=drive_link | Y92: No | Z92: 12 | AA92: web_page | AE92: https://www.khronos.org/openxr/ | AF92: =IF($H92="","",IF($T92="To find","Not started",IF(($C92="")+($D92="")+($E92="")+($G92="")+($I92="")+($M92="")+($O92="")+($S92="")>0,"Missing basic details",IF(AND($T92="Downloaded",($R92="")+($U92="")+($V92="")+(($W92="")*(RIGHT(LOWER($U92),4)=".pdf"))>0),"Add file details",IF(AND($T92="Downloaded",LEN($X92)<>64),"Check SHA-256",IF(AND($Q92="",$R92=""),"Add a URL",IF($S92="No","Not official - replace",IF($M92="Not verified","Verify status","OK")))))))) | AG92: Needs fix | AH92: Auto-QA 12-Oct-2026 | AI92: 1) Downloaded but missing: File Size (KB), SHA-256 Checksum, Version / Edition, Issued On, Pages. | 2) Set Current Status from the document (Current / Superseded ...). | 3) Fill "Applies To".
A93: S-089 | B93: Intern B | C93: 8. Sustainability & Future Technology | D93: Other (write in notes) | E93: ingage_proposed | F93: Intelligence signal | G93: TECH-005 | H93: Emerging-technology roadmaps (XR, robotics, IoT, digital twins, blockchain, AI agents) | I93: Dataset / Report | M93: Not verified | T93: To find | Y93: No | Z93: 6 | AA93: web_page | AD93: Intelligence signal only - official missions and major standards bodies. Ask your supervisor before adding industry reports. | AF93: =IF($H93="","",IF($T93="To find","Not started",IF(($C93="")+($D93="")+($E93="")+($G93="")+($I93="")+($M93="")+($O93="")+($S93="")>0,"Missing basic details",IF(AND($T93="Downloaded",($R93="")+($U93="")+($V93="")+(($W93="")*(RIGHT(LOWER($U93),4)=".pdf"))>0),"Add file details",IF(AND($T93="Downloaded",LEN($X93)<>64),"Check SHA-256",IF(AND($Q93="",$R93=""),"Add a URL",IF($S93="No","Not official - replace",IF($M93="Not verified","Verify status","OK")))))))) | AG93: Needs fix | AH93: Auto-QA 12-Oct-2026 | AI93: 1) Title is still the template placeholder - replace with the exact official title, one row per document (add rows for the others). | 2) Fill "Applies To".
A94: S-090 | AF94: =IF($H94="","",IF($T94="To find","Not started",IF(($C94="")+($D94="")+($E94="")+($G94="")+($I94="")+($M94="")+($O94="")+($S94="")>0,"Missing basic details",IF(AND($T94="Downloaded",($R94="")+($U94="")+($V94="")+(($W94="")*(RIGHT(LOWER($U94),4)=".pdf"))>0),"Add file details",IF(AND($T94="Downloaded",LEN($X94)<>64),"Check SHA-256",IF(AND($Q94="",$R94=""),"Add a URL",IF($S94="No","Not official - replace",IF($M94="Not verified","Verify status","OK"))))))))
A95: S-091 | AF95: =IF($H95="","",IF($T95="To find","Not started",IF(($C95="")+($D95="")+($E95="")+($G95="")+($I95="")+($M95="")+($O95="")+($S95="")>0,"Missing basic details",IF(AND($T95="Downloaded",($R95="")+($U95="")+($V95="")+(($W95="")*(RIGHT(LOWER($U95),4)=".pdf"))>0),"Add file details",IF(AND($T95="Downloaded",LEN($X95)<>64),"Check SHA-256",IF(AND($Q95="",$R95=""),"Add a URL",IF($S95="No","Not official - replace",IF($M95="Not verified","Verify status","OK"))))))))
A96: S-092 | AF96: =IF($H96="","",IF($T96="To find","Not started",IF(($C96="")+($D96="")+($E96="")+($G96="")+($I96="")+($M96="")+($O96="")+($S96="")>0,"Missing basic details",IF(AND($T96="Downloaded",($R96="")+($U96="")+($V96="")+(($W96="")*(RIGHT(LOWER($U96),4)=".pdf"))>0),"Add file details",IF(AND($T96="Downloaded",LEN($X96)<>64),"Check SHA-256",IF(AND($Q96="",$R96=""),"Add a URL",IF($S96="No","Not official - replace",IF($M96="Not verified","Verify status","OK"))))))))
A97: S-093 | AF97: =IF($H97="","",IF($T97="To find","Not started",IF(($C97="")+($D97="")+($E97="")+($G97="")+($I97="")+($M97="")+($O97="")+($S97="")>0,"Missing basic details",IF(AND($T97="Downloaded",($R97="")+($U97="")+($V97="")+(($W97="")*(RIGHT(LOWER($U97),4)=".pdf"))>0),"Add file details",IF(AND($T97="Downloaded",LEN($X97)<>64),"Check SHA-256",IF(AND($Q97="",$R97=""),"Add a URL",IF($S97="No","Not official - replace",IF($M97="Not verified","Verify status","OK"))))))))
A98: S-094 | AF98: =IF($H98="","",IF($T98="To find","Not started",IF(($C98="")+($D98="")+($E98="")+($G98="")+($I98="")+($M98="")+($O98="")+($S98="")>0,"Missing basic details",IF(AND($T98="Downloaded",($R98="")+($U98="")+($V98="")+(($W98="")*(RIGHT(LOWER($U98),4)=".pdf"))>0),"Add file details",IF(AND($T98="Downloaded",LEN($X98)<>64),"Check SHA-256",IF(AND($Q98="",$R98=""),"Add a URL",IF($S98="No","Not official - replace",IF($M98="Not verified","Verify status","OK"))))))))
A99: S-095 | AF99: =IF($H99="","",IF($T99="To find","Not started",IF(($C99="")+($D99="")+($E99="")+($G99="")+($I99="")+($M99="")+($O99="")+($S99="")>0,"Missing basic details",IF(AND($T99="Downloaded",($R99="")+($U99="")+($V99="")+(($W99="")*(RIGHT(LOWER($U99),4)=".pdf"))>0),"Add file details",IF(AND($T99="Downloaded",LEN($X99)<>64),"Check SHA-256",IF(AND($Q99="",$R99=""),"Add a URL",IF($S99="No","Not official - replace",IF($M99="Not verified","Verify status","OK"))))))))
A100: S-096 | AF100: =IF($H100="","",IF($T100="To find","Not started",IF(($C100="")+($D100="")+($E100="")+($G100="")+($I100="")+($M100="")+($O100="")+($S100="")>0,"Missing basic details",IF(AND($T100="Downloaded",($R100="")+($U100="")+($V100="")+(($W100="")*(RIGHT(LOWER($U100),4)=".pdf"))>0),"Add file details",IF(AND($T100="Downloaded",LEN($X100)<>64),"Check SHA-256",IF(AND($Q100="",$R100=""),"Add a URL",IF($S100="No","Not official - replace",IF($M100="Not verified","Verify status","OK"))))))))
A101: S-097 | AF101: =IF($H101="","",IF($T101="To find","Not started",IF(($C101="")+($D101="")+($E101="")+($G101="")+($I101="")+($M101="")+($O101="")+($S101="")>0,"Missing basic details",IF(AND($T101="Downloaded",($R101="")+($U101="")+($V101="")+(($W101="")*(RIGHT(LOWER($U101),4)=".pdf"))>0),"Add file details",IF(AND($T101="Downloaded",LEN($X101)<>64),"Check SHA-256",IF(AND($Q101="",$R101=""),"Add a URL",IF($S101="No","Not official - replace",IF($M101="Not verified","Verify status","OK"))))))))
...

Sheet Progress
A1: Progress - updates automatically from the Source Register
A3: By intern
A4: Intern | B4: Rows Assigned | C4: To Find | D4: Downloaded | E4: Link Only / Licensed | F4: Blocked / Not Available | G4: Row Check OK | H4: QA Verified | I4: % Collected | J4: % QA Verified
A5: =Lists!A3 | B5: =COUNTIFS('Source Register'!$B$5:$B$400,$A5,'Source Register'!$H$5:$H$400,"<>") | C5: =COUNTIFS('Source Register'!$B$5:$B$400,$A5,'Source Register'!$T$5:$T$400,"To find") | D5: =COUNTIFS('Source Register'!$B$5:$B$400,$A5,'Source Register'!$T$5:$T$400,"Downloaded") | E5: =COUNTIFS('Source Register'!$B$5:$B$400,$A5,'Source Register'!$T$5:$T$400,"Found - link only")+COUNTIFS('Source Register'!$B$5:$B$400,$A5,'Source Register'!$T$5:$T$400,"Licensed - link only") | F5: =COUNTIFS('Source Register'!$B$5:$B$400,$A5,'Source Register'!$T$5:$T$400,"Blocked - portal/login")+COUNTIFS('Source Register'!$B$5:$B$400,$A5,'Source Register'!$T$5:$T$400,"Not available") | G5: =COUNTIFS('Source Register'!$B$5:$B$400,$A5,'Source Register'!$AF$5:$AF$400,"OK") | H5: =COUNTIFS('Source Register'!$B$5:$B$400,$A5,'Source Register'!$AG$5:$AG$400,"Verified") | I5: =IF(B5=0,0,(B5-C5)/B5) | J5: =IF(B5=0,0,H5/B5)
A6: =Lists!A4 | B6: =COUNTIFS('Source Register'!$B$5:$B$400,$A6,'Source Register'!$H$5:$H$400,"<>") | C6: =COUNTIFS('Source Register'!$B$5:$B$400,$A6,'Source Register'!$T$5:$T$400,"To find") | D6: =COUNTIFS('Source Register'!$B$5:$B$400,$A6,'Source Register'!$T$5:$T$400,"Downloaded") | E6: =COUNTIFS('Source Register'!$B$5:$B$400,$A6,'Source Register'!$T$5:$T$400,"Found - link only")+COUNTIFS('Source Register'!$B$5:$B$400,$A6,'Source Register'!$T$5:$T$400,"Licensed - link only") | F6: =COUNTIFS('Source Register'!$B$5:$B$400,$A6,'Source Register'!$T$5:$T$400,"Blocked - portal/login")+COUNTIFS('Source Register'!$B$5:$B$400,$A6,'Source Register'!$T$5:$T$400,"Not available") | G6: =COUNTIFS('Source Register'!$B$5:$B$400,$A6,'Source Register'!$AF$5:$AF$400,"OK") | H6: =COUNTIFS('Source Register'!$B$5:$B$400,$A6,'Source Register'!$AG$5:$AG$400,"Verified") | I6: =IF(B6=0,0,(B6-C6)/B6) | J6: =IF(B6=0,0,H6/B6)
A7: Total | B7: =SUM(B5:B6) | C7: =SUM(C5:C6) | D7: =SUM(D5:D6) | E7: =SUM(E5:E6) | F7: =SUM(F5:F6) | G7: =SUM(G5:G6) | H7: =SUM(H5:H6) | I7: =IF(B7=0,0,(B7-C7)/B7) | J7: =IF(B7=0,0,H7/B7)
A10: By category
A11: Category | B11: Rows | C11: To Find | D11: Downloaded | E11: Link Only / Licensed | F11: Blocked / Not Available | G11: Row Check OK | H11: QA Verified | I11: % Collected
A12: =Lists!B3 | B12: =COUNTIFS('Source Register'!$C$5:$C$400,$A12,'Source Register'!$H$5:$H$400,"<>") | C12: =COUNTIFS('Source Register'!$C$5:$C$400,$A12,'Source Register'!$T$5:$T$400,"To find") | D12: =COUNTIFS('Source Register'!$C$5:$C$400,$A12,'Source Register'!$T$5:$T$400,"Downloaded") | E12: =COUNTIFS('Source Register'!$C$5:$C$400,$A12,'Source Register'!$T$5:$T$400,"Found - link only")+COUNTIFS('Source Register'!$C$5:$C$400,$A12,'Source Register'!$T$5:$T$400,"Licensed - link only") | F12: =COUNTIFS('Source Register'!$C$5:$C$400,$A12,'Source Register'!$T$5:$T$400,"Blocked - portal/login")+COUNTIFS('Source Register'!$C$5:$C$400,$A12,'Source Register'!$T$5:$T$400,"Not available") | G12: =COUNTIFS('Source Register'!$C$5:$C$400,$A12,'Source Register'!$AF$5:$AF$400,"OK") | H12: =COUNTIFS('Source Register'!$C$5:$C$400,$A12,'Source Register'!$AG$5:$AG$400,"Verified") | I12: =IF(B12=0,0,(B12-C12)/B12)
A13: =Lists!B4 | B13: =COUNTIFS('Source Register'!$C$5:$C$400,$A13,'Source Register'!$H$5:$H$400,"<>") | C13: =COUNTIFS('Source Register'!$C$5:$C$400,$A13,'Source Register'!$T$5:$T$400,"To find") | D13: =COUNTIFS('Source Register'!$C$5:$C$400,$A13,'Source Register'!$T$5:$T$400,"Downloaded") | E13: =COUNTIFS('Source Register'!$C$5:$C$400,$A13,'Source Register'!$T$5:$T$400,"Found - link only")+COUNTIFS('Source Register'!$C$5:$C$400,$A13,'Source Register'!$T$5:$T$400,"Licensed - link only") | F13: =COUNTIFS('Source Register'!$C$5:$C$400,$A13,'Source Register'!$T$5:$T$400,"Blocked - portal/login")+COUNTIFS('Source Register'!$C$5:$C$400,$A13,'Source Register'!$T$5:$T$400,"Not available") | G13: =COUNTIFS('Source Register'!$C$5:$C$400,$A13,'Source Register'!$AF$5:$AF$400,"OK") | H13: =COUNTIFS('Source Register'!$C$5:$C$400,$A13,'Source Register'!$AG$5:$AG$400,"Verified") | I13: =IF(B13=0,0,(B13-C13)/B13)
A14: =Lists!B5 | B14: =COUNTIFS('Source Register'!$C$5:$C$400,$A14,'Source Register'!$H$5:$H$400,"<>") | C14: =COUNTIFS('Source Register'!$C$5:$C$400,$A14,'Source Register'!$T$5:$T$400,"To find") | D14: =COUNTIFS('Source Register'!$C$5:$C$400,$A14,'Source Register'!$T$5:$T$400,"Downloaded") | E14: =COUNTIFS('Source Register'!$C$5:$C$400,$A14,'Source Register'!$T$5:$T$400,"Found - link only")+COUNTIFS('Source Register'!$C$5:$C$400,$A14,'Source Register'!$T$5:$T$400,"Licensed - link only") | F14: =COUNTIFS('Source Register'!$C$5:$C$400,$A14,'Source Register'!$T$5:$T$400,"Blocked - portal/login")+COUNTIFS('Source Register'!$C$5:$C$400,$A14,'Source Register'!$T$5:$T$400,"Not available") | G14: =COUNTIFS('Source Register'!$C$5:$C$400,$A14,'Source Register'!$AF$5:$AF$400,"OK") | H14: =COUNTIFS('Source Register'!$C$5:$C$400,$A14,'Source Register'!$AG$5:$AG$400,"Verified") | I14: =IF(B14=0,0,(B14-C14)/B14)
A15: =Lists!B6 | B15: =COUNTIFS('Source Register'!$C$5:$C$400,$A15,'Source Register'!$H$5:$H$400,"<>") | C15: =COUNTIFS('Source Register'!$C$5:$C$400,$A15,'Source Register'!$T$5:$T$400,"To find") | D15: =COUNTIFS('Source Register'!$C$5:$C$400,$A15,'Source Register'!$T$5:$T$400,"Downloaded") | E15: =COUNTIFS('Source Register'!$C$5:$C$400,$A15,'Source Register'!$T$5:$T$400,"Found - link only")+COUNTIFS('Source Register'!$C$5:$C$400,$A15,'Source Register'!$T$5:$T$400,"Licensed - link only") | F15: =COUNTIFS('Source Register'!$C$5:$C$400,$A15,'Source Register'!$T$5:$T$400,"Blocked - portal/login")+COUNTIFS('Source Register'!$C$5:$C$400,$A15,'Source Register'!$T$5:$T$400,"Not available") | G15: =COUNTIFS('Source Register'!$C$5:$C$400,$A15,'Source Register'!$AF$5:$AF$400,"OK") | H15: =COUNTIFS('Source Register'!$C$5:$C$400,$A15,'Source Register'!$AG$5:$AG$400,"Verified") | I15: =IF(B15=0,0,(B15-C15)/B15)
A16: =Lists!B7 | B16: =COUNTIFS('Source Register'!$C$5:$C$400,$A16,'Source Register'!$H$5:$H$400,"<>") | C16: =COUNTIFS('Source Register'!$C$5:$C$400,$A16,'Source Register'!$T$5:$T$400,"To find") | D16: =COUNTIFS('Source Register'!$C$5:$C$400,$A16,'Source Register'!$T$5:$T$400,"Downloaded") | E16: =COUNTIFS('Source Register'!$C$5:$C$400,$A16,'Source Register'!$T$5:$T$400,"Found - link only")+COUNTIFS('Source Register'!$C$5:$C$400,$A16,'Source Register'!$T$5:$T$400,"Licensed - link only") | F16: =COUNTIFS('Source Register'!$C$5:$C$400,$A16,'Source Register'!$T$5:$T$400,"Blocked - portal/login")+COUNTIFS('Source Register'!$C$5:$C$400,$A16,'Source Register'!$T$5:$T$400,"Not available") | G16: =COUNTIFS('Source Register'!$C$5:$C$400,$A16,'Source Register'!$AF$5:$AF$400,"OK") | H16: =COUNTIFS('Source Register'!$C$5:$C$400,$A16,'Source Register'!$AG$5:$AG$400,"Verified") | I16: =IF(B16=0,0,(B16-C16)/B16)
A17: =Lists!B8 | B17: =COUNTIFS('Source Register'!$C$5:$C$400,$A17,'Source Register'!$H$5:$H$400,"<>") | C17: =COUNTIFS('Source Register'!$C$5:$C$400,$A17,'Source Register'!$T$5:$T$400,"To find") | D17: =COUNTIFS('Source Register'!$C$5:$C$400,$A17,'Source Register'!$T$5:$T$400,"Downloaded") | E17: =COUNTIFS('Source Register'!$C$5:$C$400,$A17,'Source Register'!$T$5:$T$400,"Found - link only")+COUNTIFS('Source Register'!$C$5:$C$400,$A17,'Source Register'!$T$5:$T$400,"Licensed - link only") | F17: =COUNTIFS('Source Register'!$C$5:$C$400,$A17,'Source Register'!$T$5:$T$400,"Blocked - portal/login")+COUNTIFS('Source Register'!$C$5:$C$400,$A17,'Source Register'!$T$5:$T$400,"Not available") | G17: =COUNTIFS('Source Register'!$C$5:$C$400,$A17,'Source Register'!$AF$5:$AF$400,"OK") | H17: =COUNTIFS('Source Register'!$C$5:$C$400,$A17,'Source Register'!$AG$5:$AG$400,"Verified") | I17: =IF(B17=0,0,(B17-C17)/B17)
A18: =Lists!B9 | B18: =COUNTIFS('Source Register'!$C$5:$C$400,$A18,'Source Register'!$H$5:$H$400,"<>") | C18: =COUNTIFS('Source Register'!$C$5:$C$400,$A18,'Source Register'!$T$5:$T$400,"To find") | D18: =COUNTIFS('Source Register'!$C$5:$C$400,$A18,'Source Register'!$T$5:$T$400,"Downloaded") | E18: =COUNTIFS('Source Register'!$C$5:$C$400,$A18,'Source Register'!$T$5:$T$400,"Found - link only")+COUNTIFS('Source Register'!$C$5:$C$400,$A18,'Source Register'!$T$5:$T$400,"Licensed - link only") | F18: =COUNTIFS('Source Register'!$C$5:$C$400,$A18,'Source Register'!$T$5:$T$400,"Blocked - portal/login")+COUNTIFS('Source Register'!$C$5:$C$400,$A18,'Source Register'!$T$5:$T$400,"Not available") | G18: =COUNTIFS('Source Register'!$C$5:$C$400,$A18,'Source Register'!$AF$5:$AF$400,"OK") | H18: =COUNTIFS('Source Register'!$C$5:$C$400,$A18,'Source Register'!$AG$5:$AG$400,"Verified") | I18: =IF(B18=0,0,(B18-C18)/B18)
A19: =Lists!B10 | B19: =COUNTIFS('Source Register'!$C$5:$C$400,$A19,'Source Register'!$H$5:$H$400,"<>") | C19: =COUNTIFS('Source Register'!$C$5:$C$400,$A19,'Source Register'!$T$5:$T$400,"To find") | D19: =COUNTIFS('Source Register'!$C$5:$C$400,$A19,'Source Register'!$T$5:$T$400,"Downloaded") | E19: =COUNTIFS('Source Register'!$C$5:$C$400,$A19,'Source Register'!$T$5:$T$400,"Found - link only")+COUNTIFS('Source Register'!$C$5:$C$400,$A19,'Source Register'!$T$5:$T$400,"Licensed - link only") | F19: =COUNTIFS('Source Register'!$C$5:$C$400,$A19,'Source Register'!$T$5:$T$400,"Blocked - portal/login")+COUNTIFS('Source Register'!$C$5:$C$400,$A19,'Source Register'!$T$5:$T$400,"Not available") | G19: =COUNTIFS('Source Register'!$C$5:$C$400,$A19,'Source Register'!$AF$5:$AF$400,"OK") | H19: =COUNTIFS('Source Register'!$C$5:$C$400,$A19,'Source Register'!$AG$5:$AG$400,"Verified") | I19: =IF(B19=0,0,(B19-C19)/B19)
A20: Total | B20: =SUM(B12:B19) | C20: =SUM(C12:C19) | D20: =SUM(D12:D19) | E20: =SUM(E12:E19) | F20: =SUM(F12:F19) | G20: =SUM(G12:G19) | H20: =SUM(H12:H19) | I20: =IF(B20=0,0,(B20-C20)/B20)
A22: Target from the manager's brief: well over 100 versioned documents. Rows grow as interns add one row per version, amendment, institution type and programme.

Sheet Watch Feeds
A1: Official register / portal pages - start your search here; later these feed the Daily Watcher
A3: Feed ID | B3: Authority | C3: Page | D3: URL | E3: Feed Type | F3: Check Every (months) | G3: Assigned To | H3: Last Checked | I3: New Documents Found? | J3: Rows in Register (this authority) | K3: Notes
A4: F-01 | B4: UGC | C4: UGC Regulations register | D4: https://www.ugc.gov.in/Regulations | E4: document_index | F4: 1 | G4: Intern A | J4: =COUNTIF('Source Register'!$D$5:$D$400,B4)
A5: F-02 | B5: UGC | C5: UGC Guidelines register | D5: https://www.ugc.gov.in/Guideline | E5: document_index | F5: 1 | G5: Intern A | J5: =COUNTIF('Source Register'!$D$5:$D$400,B5)
A6: F-03 | B6: NAAC | C6: NAAC assessment portal (SSR / QIF / templates) | D6: https://assessmentonline.naac.gov.in/ | E6: document_index | F6: 1 | G6: Intern A | J6: =COUNTIF('Source Register'!$D$5:$D$400,B6)
A7: F-04 | B7: NBA | C7: NBA Accreditation Documents | D7: https://www.nbaind.org/Downloads/Documents | E7: document_index | F7: 3 | G7: Intern A | J7: =COUNTIF('Source Register'!$D$5:$D$400,B7)
A8: F-05 | B8: NIRF | C8: NIRF Documents and methodology | D8: https://www.nirfindia.org/Home/Documents | E8: document_index | F8: 12 | G8: Intern A | J8: =COUNTIF('Source Register'!$D$5:$D$400,B8)
A9: F-06 | B9: Ministry of Education | C9: Ministry of Education documents | D9: https://www.education.gov.in/ | E9: web_page | F9: 12 | G9: Intern A | J9: =COUNTIF('Source Register'!$D$5:$D$400,B9)
A10: F-07 | B10: AICTE | C10: AICTE model curriculum | D10: https://www.aicte-india.org/education/model-curriculum | E10: document_index | F10: 12 | G10: Intern B | J10: =COUNTIF('Source Register'!$D$5:$D$400,B10)
A11: F-08 | B11: DGT | C11: DGT ITI grading guidelines | D11: https://dgt.gov.in/en/guidelines-grading | E11: document_index | F11: 12 | G11: Intern B | J11: =COUNTIF('Source Register'!$D$5:$D$400,B11)
A12: F-09 | B12: NCVET | C12: NCVET portal | D12: https://ncvet.gov.in/ | E12: web_page | F12: 3 | G12: Intern B | J12: =COUNTIF('Source Register'!$D$5:$D$400,B12)
A13: F-10 | B13: Academic Bank of Credits | C13: Academic Bank of Credits portal | D13: https://www.abc.gov.in/ | E13: web_page | F13: 3 | G13: Intern B | J13: =COUNTIF('Source Register'!$D$5:$D$400,B13)
A14: F-11 | B14: MeitY | C14: DPDP Rules 2025 page | D14: https://www.meity.gov.in/documents/act-and-policies/digital-personal-data-protection-rules-2025-gDOxUjMtQWa?pageTitle=Digital-Personal-Data-Protection-Rules-2025 | E14: web_page | F14: 1 | G14: Intern B | J14: =COUNTIF('Source Register'!$D$5:$D$400,B14)
A15: F-12 | B15: CERT-In | C15: CERT-In Directions 70B page | D15: https://www.cert-in.org.in/Directions70B.jsp | E15: web_page | F15: 1 | G15: Intern B | J15: =COUNTIF('Source Register'!$D$5:$D$400,B15)
... A21: F-18 | B21: DST | C21: National Quantum Mission | D21: https://dst.gov.in/national-quantum-mission-nqm | E21: web_page | F21: 12 | G21: Intern B | J21: =COUNTIF('Source Register'!$D$5:$D$400,B21)

Sheet Benchmark Catalogue
A1: Reference only: the 60 benchmarks from the manager's Source Pack v0.2 (for the "Related Benchmark IDs" column)
A3: Benchmark ID | B3: Pillar ID | C3: Pillar | D3: Benchmark Domain | E3: Source Basis | F3: Benchmark Class
A4: GOV-01 | B4: P01 | C4: Institutional governance, quality and compliance | D4: Strategic direction and institutional development | E4: UGC Institutional Development Plans; NAAC C6 | F4: Mandatory/authoritative source mapping plus maturity benchmark
A5: GOV-02 | B5: P01 | C5: Institutional governance, quality and compliance | D5: Governing bodies and delegated authority | E5: NAAC C6; applicable statutes | F5: Mandatory/authoritative source mapping plus maturity benchmark
A6: GOV-03 | B6: P01 | C6: Institutional governance, quality and compliance | D6: Quality assurance and continuous improvement | E6: NAAC C6 | F6: Mandatory/authoritative source mapping plus maturity benchmark
A7: GOV-04 | B7: P01 | C7: Institutional governance, quality and compliance | D7: Regulatory, accreditation and disclosure compliance | E7: NAAC; UGC; AICTE; DGT; NBA | F7: Mandatory/authoritative source mapping plus maturity benchmark
A8: GOV-05 | B8: P01 | C8: Institutional governance, quality and compliance | D8: Enterprise risk, internal control and audit | E8: InGage proposed; applicable audit rules | F8: Proposed InGage maturity benchmark
A9: GOV-06 | B9: P01 | C9: Institutional governance, quality and compliance | D9: Financial governance and resource stewardship | E9: NAAC C6; NIRF; AICTE/DGT where applicable | F9: Mandatory/authoritative source mapping plus maturity benchmark
A10: GOV-07 | B10: P01 | C10: Institutional governance, quality and compliance | D10: Policy lifecycle and records governance | E10: InGage proposed; legal/regulatory context | F10: Proposed InGage maturity benchmark
A11: GOV-08 | B11: P01 | C11: Institutional governance, quality and compliance | D11: Institutional reputation, communication and transparency | E11: UGC public self-disclosure guidance; NAAC | F11: Mandatory/authoritative source mapping plus maturity benchmark
A12: ACA-01 | B12: P02 | C12: Academic design and delivery | D12: Curriculum relevance and revision | E12: NAAC C1; UGC; AICTE/DGT; NBA | F12: Mandatory/authoritative source mapping plus maturity benchmark
A13: ACA-02 | B13: P02 | C13: Academic design and delivery | D13: Outcome-based education and competency alignment | E13: NBA; NAAC; AICTE/DGT where applicable | F13: Mandatory/authoritative source mapping plus maturity benchmark
A14: ACA-03 | B14: P02 | C14: Academic design and delivery | D14: Multidisciplinary, flexible and lifelong learning | E14: NEP 2020; UGC frameworks | F14: Mandatory/authoritative source mapping plus maturity benchmark
... A63: SUS-04 | B63: P10 | C63: Sustainability and social responsibility | D63: Climate resilience and institutional resilience | E63: InGage proposed | F63: Proposed InGage maturity benchmark

Sheet Daily Log
A1: Daily Log - one line per intern per day
A3: Date | B3: Intern | C3: Rows Completed Today | D3: Rows Started | E3: Hours | F3: Blockers / Questions | G3: Answered By | H3: Answer
A4: 46307 | B4: Intern B | C4: 5 | D4: 2 | E4: 7 | F4: NAAC portal needs login for SSR manuals - marked "Blocked - portal/login" on S-002 to S-004. | G4: Supervisor | H4: OK - manager will provide NAAC files.

Sheet Lists
A1: Dropdown values (edit here to change the dropdowns; rename interns in column A)
A2: Interns | B2: Categories | C2: Authority Kinds | D2: Source Roles | E2: Document Types | F2: Current Status | G2: Collection Status | H2: Yes / No | I2: Feed Types | J2: QA Status | K2: Review Cadence | L2: Authorities
A3: Intern A | B3: 1. Accreditation & Quality | C3: regulatory | D3: Mandatory | E3: Act / Law | F3: Current | G3: To find | H3: Yes | I3: web_page | J3: Not checked | K3: 1 | L3: NAAC
A4: Intern B | B4: 2. Higher-Education Regulation | C4: accreditation | D4: Authoritative quality framework | E4: Rules | F4: Current (amended) | G4: Downloaded | H4: No | I4: rss | J4: Verified | K4: 3 | L4: NBA
B5: 3. Technical, Polytechnic & ITI | C5: ranking | D5: Good-practice standard | E5: Regulation | F5: Superseded | G5: Found - link only | I5: api | J5: Needs fix | K5: 6 | L5: NIRF
B6: 4. Student Protection & Inclusion | C6: standards_body | D6: Intelligence signal | E6: Amendment | F6: Withdrawn | G6: Blocked - portal/login | I6: document_index | K6: 12 | L6: UGC
B7: 5. Data, Technology & Cybersecurity | C7: government_policy | E7: Notification / Circular | F7: Draft | G7: Licensed - link only | I7: manual_upload | L7: AICTE
B8: 6. AI Readiness & Responsible AI | C8: ingage_proposed | E8: Direction | F8: Not verified | G8: Not available | L8: DGT
B9: 7. Research, Innovation & Impact | E9: Policy | L9: NCVET
B10: 8. Sustainability & Future Technology | E10: Guideline | L10: Ministry of Education
E11: Handbook | L11: Academic Bank of Credits
E12: Manual | L12: MeitY
E13: SSR / QIF / SAR | L13: MeitY/IndiaAI
E14: Data template | L14: CERT-In
E15: SOP | L15: Parliament of India
E16: Methodology | L16: ANRF
E17: Framework | L17: DST
E18: Standard | L18: NIST
E19: Register page | L19: UNESCO
E20: Portal page | L20: ISO/IEC
E21: Dataset / Report | L21: W3C
E22: Other | L22: 1EdTech
L23: Khronos Group
L24: Other (write in notes)
